:020000040800F2
:1000000048080020AD020008AD3A0008A53A0008F3
:10001000A93A0008A122000851420008000000008F
:10002000000000000000000000000000F53B000898
:10003000A522000800000000AF3A0008F73B0008C6
:10004000D1020008D1020008D1020008D102000844
:10005000D1020008D1020008D1020008D102000834
:10006000D1020008D1020008D1020008D102000824
:10007000D1020008D1020008D1020008D102000814
:10008000D1020008D1020008D1020008D102000804
:10009000D1020008D1020008D1020008D1020008F4
:1000A000D1020008D1020008D1020008D1020008E4
:1000B000D1020008D1020008153C0008D102000856
:1000C000D1020008D1020008D1020008D1020008C4
:1000D000D102000841420008D1020008D102000804
:1000E000D1020008D1020008D1020008D1020008A4
:1000F000D1020008D1020008D1020008D102000894
:10010000D1020008D1020008D1020008D102000883
:10011000D1020008D1020008D1020008D102000873
:10012000D1020008D1020008D1020008D102000863
:10013000D1020008D1020008D1020008D102000853
:10014000D1020008D1020008D1020008D102000843
:10015000D1020008D1020008D1020008D102000833
:10016000D1020008D1020008D1020008D102000823
:10017000D1020008D1020008D102000800000000EE
:10018000D1020008D102000800F002F800F07EF869
:100190000AA090E8000C82448344AAF10107DA45E2
:1001A00001D100F073F8AFF2090EBAE80F0013F0B6
:1001B000010F18BFFB1A43F00103184730D30000AA
:1001C00050D300000A444FF0000C10F8013B13F02C
:1001D000070408BF10F8014B1D1108BF10F8015BA0
:1001E000641E05D010F8016B641E01F8016BF9D193
:1001F00013F0080F1EBF10F8014BAD1C0C1B09D1EA
:100200006D1E58BF01F801CBFAD505E014F8016B5B
:1002100001F8016B6D1EF9D59142D6D370470000ED
:100220000023002400250026103A28BF78C1FBD8FF
:10023000520728BF30C148BF0B607047662909F0DC
:100240005B86642900F02C81752900F029817829CA
:1002500000F06281632900F0F784732900F0FC84C8
:10026000002070471FB509F03AFE00F05DFD040064
:100270000020002109F07AFB401C60600020002172
:1002800009F05EFBE0601FBD10B510BD00F094FEEC
:100290001146FFF7E7FF07F0E1FE01F037F903B47D
:1002A000FFF7F2FF03BC04F045F900000C480168B9
:1002B00041F4700101600B4880470B480047FEE79E
:1002C000FEE7FEE7FEE7FEE7FEE7FEE7FEE7FEE706
:1002D000FEE7000005480649044A064B7047000047
:1002E00088ED00E0013C0008890100084804002076
:1002F0004808002048040020704753EA020C00F030
:1003000069802DE9F04B4FF00006002B1FBFB3FAB8
:1003100083F503FA05F424FA05F65E4012BF16438E
:10032000B2FA82F502FA05F4C5F120051EBF22FAE1
:1003300005FC44EA0C04203556EA044C4FEA144408
:1003400018BF641C4FF000084FF00009904271EB99
:10035000030C39D3002919BFB1FA81F701FA07F666
:10036000B0FA80F700FA07F6C7F120071EBF20FA9F
:1003700007FC46EA0C062037B6FBF4FCA7EB0507A2
:10038000103F07F01F0BCBF120060CFA0BFB2CFAE9
:1003900006F644BFB3460026202FA4BF5E464FF0AA
:1003A000000B5BEA060C08BF4FF0010B19EB0B09C1
:1003B000ABFB027C48EB0608C01B06FB02CC0BFB28
:1003C00003CC71EB0C01C1E70B460246414648469F
:1003D000BDE8F08B13B54FF000004FF00001AFF314
:1003E0000080BDE81C4070470FB4044910B503AA53
:1003F000029800F035FC10BC5DF814FB18000020DA
:1004000070B5044685690068C10601D5302600E054
:100410002026C00707D070BDD4E90121304690479F
:10042000206A401C20626D1EF6D570BD70B5044672
:1004300085690078C00707D170BDD4E9012120206B
:100440009047206A401C20626D1EF6D570BD70B5C5
:100450000C460546012A05D02878800600D5EA69B1
:10046000002302E0012305E05B1C934202D2E05C22
:100470000028F9D1A869E618C01AA861286A1844AA
:1004800028622846FFF7BCFF04E0D5E9012114F8F3
:10049000010B9047B442F8D32846FFF7C7FF70BD61
:1004A0002DE9F0410646002410687529314616A54D
:1004B00010D0AFF30080002802DA404213A507E015
:1004C00031688A0701D512A502E0490704D511A5B4
:1004D000012401E0AFF3008000210A2206F1240785
:1004E00009E0B0FBF2FCB0FBF2F302FB1C00303081
:1004F00078541846491C0028F3D123462A46304632
:10050000BDE8F04100F02EB9000000002D00000011
:100510002B0000002000000070B504460D46214667
:100520001068AFF300802188090502D50F4A7A448C
:1005300002E00E4A7A440E32002104F1240305E061
:1005400000F00F060009965D5E54491C0028F7D1A3
:1005500020780023000704D5702D02D009B10223B2
:1005600011322046BDE8704000F0FCB877CA0000A8
:100570002DE9F05F894604464FF0000ADFF874B1B8
:10058000FB44C0F820A02046E1688847002874D0CA
:10059000252806D0D4E901219047206A401C20621A
:1005A000F1E700265F462046E16888472028054697
:1005B00007DB312D05D2781910F8200C08B106435D
:1005C000F1E7B00701D526F00406C4F81CA0002707
:1005D000C4F818A02A2D09D0284603F0A4FF38B388
:1005E00004EB8708303DC8F8185019E059F8041B8F
:1005F000204604EB87029161E1688847012F054698
:1006000018D1E069002820DA26F020061DE0D8F88D
:10061000180000EB800005EB40003038C8F81800E7
:100620002046E1688847054603F07DFF0028EED1AB
:10063000012F0AD02E2D08D12046E16888477F1C63
:100640000546022F46F02006C4DBA069002803DA25
:10065000404246F00106A061F00701D026F01006E6
:100660006C2D0BD0682D09D04C2D39D06A2D35D08A
:10067000742D35D07A2D33D016E038E0E1682F465E
:1006800020468847B842054609D16C2F26D04FF442
:100690008060E168064320468847054604E06C2FE9
:1006A0001AD04FF4807006430DB3A5F1410019280C
:1006B00002D8203546F400664A4629462046266080
:1006C0004E46FFF7BBFD80B101280BD0F61D26F08A
:1006D000070000F1080956E74020E4E78020D8E74A
:1006E0000020D6E706F104094DE7284652E7206AC4
:1006F000BDE8F09F4DCA00004FF0000200B5134660
:1007000094469646203922BFA0E80C50A0E80C5031
:10071000B1F12001BFF4F7AF090728BFA0E80C50E2
:1007200048BF0CC05DF804EB890028BF40F8042BDB
:1007300008BF704748BF20F8022B11F0804F18BF48
:1007400000F8012B7047704770477047704710B52D
:1007500000F0EEFA006810BD10B5044600F0E8FAAB
:10076000046010BD2DE9F0470D46994692460446B7
:1007700000F124080168880604D5E06921F0100121
:10078000216000E00120A84201DD471B00E00027B6
:10079000A1697A1902EB0900081AA0612078C00645
:1007A00002D42046FFF72CFE002608E0D4E9012100
:1007B0001AF806009047206A401C761C20624E45BD
:1007C000F4DB2078C0060AD52046FFF719FE06E0C4
:1007D000D4E9012130209047206A401C2062381E55
:1007E000A7F10107F4DC07E0D4E9012118F80500BE
:1007F0009047206A401C2062281EA5F10105F3DC09
:100800002046FFF713FE2078000602D50220BDE83F
:10081000F0870120FBE770472DE9FF4F0C461E468D
:100820004FF0FF378BB0D2E90001DDF860800A900D
:100830008A46C1F30A5505B93D46002108464FF0E6
:100840000000BAF1000F00F4400005DA00EB800070
:100850004FF4400101EA50004FEA9059B9F1010FFD
:1008600000DDB9460A9850EA4A000ED044F610500E
:10087000A5F2FF3545432F14B8F1000F1ED0754285
:10088000291E1EDDC9F100021CE0B8F1010F4FF076
:10089000000001D0302103E0F24305E02154401C68
:1008A000B042FBDB30460022002121540B99C1F8F5
:1008B0000880C1E900200FB0BDE8F08FBD1B6D1CA2
:1008C000DEE74A4600DA694206A800F0FBFA06AB0A
:1008D00093E8070003AB83E8070050460A9901F04C
:1008E000AAF88DE80700A0F500501F380090039883
:1008F000002D0ADD42F21F014A460844002303A9E5
:100900000390684601F056FB09E0A0F500504A4606
:100910001F38002303A90390684601F075FB8DE89A
:1009200007000004000C03D04FF0FF30410800E046
:100930001046B8F1000F03D00022009215461EE0C9
:10094000751E05D400F0F8F9303262556D1EF9D5E8
:10095000B3460122084302D000227F1C04E0207825
:10096000302801D100227F1E002A099784D01DE083
:10097000112D07DA00F0E0F9303262556D1C50EAB3
:100980000102F5D1084302D00098C8B10EE0002161
:10099000681E05E0235C625C63542254401E491CBF
:1009A0008142F7DBAB46A81B401E0990002004F8EB
:1009B0000B000B98099AC0F80880C0E9002B7AE771
:1009C00011264FF0000857E72DE9F04F88460446FE
:1009D000D21D22F0070191B0D1E90001CDE90A0151
:1009E00003F038FC02460B98C00F01D02D2007E021
:1009F0002068810701D52B2002E0202101EAC000F8
:100A0000032A099001D0072A05DB03464146204608
:100A100000F0F8F90BE12078800601D5E06900E0EC
:100A20000620B8F1650F814606D0B8F1660F18D0E0
:100A3000B8F1670F70D131E00020B9F1110F0090CB
:100A400001DB112301E009F101030AAA01A90CA8A5
:100A5000FFF7E2FEDDE90C70002609F1010583468F
:100A600047E001204B4600904FF000470AAA01A939
:100A70000CA8FFF7D1FEDDE90DB00C995D4600260C
:100A800010B909F101000D18B9EB050003D4C0F14C
:100A9000FF3609F10105A5EB09002BE0B9F1010FC3
:100AA00001DA4FF001090020B9F1110F009048461A
:100AB00001DD112300E003460AAA01A90CA8FFF7F3
:100AC000ABFEDDE90C704D4600268346207800071A
:100AD0000AD4AB4500DA5D4601A8012D04DD4119B9
:100AE00011F8011C302907D04F4502DA17F1040F25
:100AF00004DA012082460FE06D1EEEE7002F02DCD3
:100B0000ED1B3E4403E0781CA84200DD7D1CB81BB1
:100B100000F1010A4FF000472078000703D4AA45EE
:100B200001DB4FF0FF3A0021B7F1004F0DF1430810
:100B30008DF8431024D002202B23002F01DA7F42AE
:100B40002D230A21021EA0F1010000DC5FB197FBFA
:100B5000F1FC97FBF1F201FB1C7C17460CF1300C09
:100B600008F801CDEEE7A8F101000370218809051E
:100B700001D5452100E06521A0F1010800F8011C24
:100B800009980FA9A1EB0807FF1D00B10120411929
:100B900001EBEA70A1693844081A401EA061207870
:100BA000C00602D42046FFF72BFC099828B1D4E9EF
:100BB00001219047206A401C20622078C00622D57F
:100BC0002046FFF71DFC1EE0002E04DBB34502DDCE
:100BD00001A8805D00E03020D4E901219047206A1F
:100BE000401C2062761CAAF101005FEA000A0AD1CB
:100BF00000F09AF8C0680168405CD4E90121904790
:100C0000206A401C2062281EA5F10105DCDC07E0FB
:100C1000D4E9012118F8010B9047206A401C20629A
:100C2000381EA7F10107F3DC2046FFF7FFFB032086
:100C300011B041E610B5436913B1AFF3008001E094
:100C4000FFF705FC012010BD127800F124010A70A5
:100C500000224A700122EDE711684FF0FF32E9E708
:100C6000074B70B50D467B4400F0B9F804462846A2
:100C700000F09AF910B14FF0FF3070BD204670BD02
:100C8000373900000FB4002300B589B00CA90091DA
:100C90000B99CB60214B7B440693214B7B440793FC
:100CA00004236FF00042CDE901321E4A7A446B46BC
:100CB00008920246002009F081F909B05DF814FBA2
:100CC00070B506464FF0FF3015460C46324686B0EA
:100CD0000091CDE9010169460020049004A8FFF7C6
:100CE000D1FF02460498211825B108B1084600E05A
:100CF00020462860049800280DD0002A02DD0098C4
:100D0000884208D03246081B69460094CDE90104A8
:100D100004A8FFF7B7FF06B070BD0000EB010000AC
:100D20000302000013010000004870470404002083
:100D300000487047E403002030B5B0F10A024FEAE2
:100D4000900E71F100034EEA817EB0EB0E0061EB74
:100D500091014FEA101E4EEA017E10EB0E0041EBAE
:100D600011114FEA102E4EEA016E10EB0E0041EB0E
:100D700011214FEA104E4EEA014E10EB0E0041EBEE
:100D80001141401841F100014FEAD00040EA4170A2
:100D90004FEAD10110EB80054FEA810444EA9074D8
:100DA00044EB01046D1944EB0404521BA3414FF0C2
:100DB000000348BF0A3200D530BD401C41F100019C
:100DC00030BD10B5044600F01DF90068005D00F06C
:100DD000010010BD01694A1C02610878704700B526
:100DE0008FB0CDE901310021059105497944CDE964
:100DF000031011466846FFF7BBFB0FB000BD0000B3
:100E0000E5FFFFFF2DE9F0411F4604460326016878
:100E1000072A01F4006004DB08B116A505E016A559
:100E200003E008B115A500E015A521F01000206031
:100E3000A069C01EA0610FB1401EA0612046FFF74F
:100E4000DFFA4FB1D4E9012138469047206A401CAF
:100E50002062C01C206206E0206AFAE7D4E9012182
:100E600015F8010B9047761EF8D22046FFF7DEFA00
:100E7000BDE8F0814E414E006E616E00494E460065
:100E8000696E6600426842B1016811F8013B23B106
:100E9000521EC0E90012184670470121C160881E29
:100EA000704742685AB1C368016843B983688B428E
:100EB00005D0491E521CC0E90012002070474FF0B7
:100EC000FF3070472DE9F047814616468AB0354815
:100ED00078440DC88DE80D0032487844801C03AC7E
:100EE0000DC884E80D0041F69B300844372190FB83
:100EF000F1F290FBF1F5A5F1800501FB12041B3C1A
:100F000002D56442012000E00020DFF898A080466E
:100F10000027FA44AAF1BE0A0EE0E0070AD03246E2
:100F2000684607EB470101230AEB810101F06CF8E9
:100F30008DE8070064107F1C002CEED1194F7F4410
:100F4000AE3F19E0E80715D007EB04100DF1180AC1
:100F500090E80E008AE80E00C068F04201D19819AE
:100F600008903246012306A903A801F04DF803AB0F
:100F700083E807006D10641C002DE3D14FF00103DE
:100F800032466946B8F1000F03A802D001F012F80A
:100F900001E001F039F8C9E90001C9F808200AB0F8
:100FA000BDE8F0878CC10000007B00F08000704736
:100FB00000487047E40300207546FFF7F9FFAE468E
:100FC00005006946534620F00700854618B020B555
:100FD000FFF780F9BDE820404FF000064FF0000712
:100FE0004FF000084FF0000B21F00701AC46ACE8D1
:100FF000C009ACE8C009ACE8C009ACE8C0098D463E
:101000007047000010B5FFF78FFE001D10BD00BF38
:101010005D8900002DE9FF4F06468BB00878FF2858
:1010200006D0491C2D2805D000244FF0000908E007
:1010300000200CE00124F8E709EB8903491C00EBD0
:1010400043090878FF28F7D114B1C9F1000081469F
:10105000107800252C46AA4629462D2801D02B2899
:1010600004D1521C2D2813D0002082468B461078C4
:10107000FF280FD04FF0000C0A21521CA5FB01786D
:1010800004FB018105FB0C11C5194BEB0104EEE7D4
:101090000120EAE7002108464FF00000BAF1000FF6
:1010A00002D000EB80004008C0F38157012F01DD22
:1010B0004FF0FF370E9955EA040009EB01080BD0F9
:1010C0004FF0020918F5FA7F16DA4FEACA70002FBE
:1010D000706008DD012007E04FEACA70C6E900B081
:1010E0000FB0BDE8F08F00203060FFF721FEC0F8A0
:1010F00000901821084616E0B8F5FA7F18DD002F99
:1011000002DAF748784401E0F6487844D0E9001064
:10111000C6E9001040EACA707060FFF709FEC0F827
:101120000090142108460FB0BDE8F04F08F0E1BE72
:10113000002108464FF00000B8F10001099002DAE2
:10114000C7F1000200E03A4601DAC8F1000106A842
:10115000FFF7B8FE06AB93E8070003AB83E8070090
:1011600044F23E005BEA04010090584604D144F288
:101170001E012C465D460091210C0904014306D155
:101180000099240444EA15442D041039009104F018
:101190007F41014306D10099240244EA15642D02DF
:1011A0000839009104F07041014306D100992401EF
:1011B00044EA15742D01091F009104F040410143D8
:1011C00006D10099A40044EA9574AD00891E0091EF
:1011D00004F00041084304D100986D196441401E99
:1011E00000904FF001033A466846B8F1000FCDE990
:1011F000014503A902DD00F01CFF01E000F0EFFE55
:10120000BAF1000F04460D4601D084F000440021DD
:1012100008464FF00000099940F2FF77484010F06F
:101220000C0F07D124F00040284303D0C4F30A5028
:10123000B84212D1FFF77CFDC0F80090C4F30A5009
:10124000B8420AD1A8487844D0E90010C6E9001095
:1012500004F000410843706042E7C6E900543FE7EC
:101260002DE9FF4F1F464FF0000A4FF0FF3845466B
:1012700091B0D7E90146CDF83CA0FFF755FDC06815
:101280000168405C1090B96912986D1C8847396AF2
:10129000814688470028F6D1B9F1FF3F0AD0002ED9
:1012A00024F4D06411DDB9F12B0F08D0B9F12D0F62
:1012B0000BD102E0404615B013E744F48064B969ED
:1012C00012986D1C8847761E8146600504A901D5D9
:1012D0002D2000E02B20002E01F1010B0DF1300834
:1012E0008DF810003FDDB9F1690F08D0B9F1490F51
:1012F00005D0B9F16E0F02D0B9F14E0F1CD13B46AB
:1013000001A8009580E85002DDE912126FF002009A
:1013100008F058FEC11CCED10EE0B96912986D1CC0
:10132000884781461398761E44F4007405600F9830
:10133000401C002E0F9016DDB9F1300FEDD0B9F141
:10134000780F02D0B9F1580F0DD10F9801280AD1AA
:101350003B46CDE90054DDE91212001F029608F069
:101360002FFEC11CA7D1109989453ED144F08004BD
:1013700006E01399681CAAF1010A44F4007408609D
:10138000B9696D1C1298761E884730288146F0D0C6
:101390002BE01099894505D1200603D4761E44F030
:1013A000800418E0484603F0BEF808B3761E0DF13D
:1013B00023018B4544F4007408D2A9F130000BF8E6
:1013C000010B200607D5AAF1010003E0200602D494
:1013D0000AF101008246A00502D51399681C086035
:1013E000B96912986D1C88478146002ED1DC53E004
:1013F000002E51DDB9F1650F02D0B9F1450F4BD187
:10140000A00549D5B9696D1C1298761E24F4407464
:101410008847002E81460CDD2B2804D0B9F12D0F12
:1014200007D144F48074B96912986D1C8847761E00
:101430008146E00501D52D2100E02B2108F8011B94
:10144000CDF8008021E0761E0DF13901884544F485
:1014500000740CD2A9F1300010F0FF0088F80000F1
:1014600002D10099884509D908F1010806E0E00594
:1014700001D51E4801E042F20F708246B969129808
:101480006D1C8847814613980560002E04DD484690
:1014900003F049F80028D6D1F96912988847FF204F
:1014A00053468BF8000088F8000000200A900B904B
:1014B00004AA0CA90AA8FFF7ADFDA00502D46FF09D
:1014C0000100F8E614F0240F12D0E0071CD13868B0
:1014D000DDE90A12031D3B600068C0E9001213E059
:1014E0000CC40000FEC30000C2C20000F1D8FFFF20
:1014F0000AA9684603F004F8E00705D13868009AA5
:10150000011D3960006802602846D4E610B5044623
:10151000AFF300802046BDE81040FEF7C0BE0000DB
:101520004FF0013C50F8042B51F8043B9A4221D172
:10153000A2EB0C03934313EACC1317D150F8042BFE
:1015400051F8043B9A4215D1A2EB0C03934313EAE2
:10155000CC130BD150F8042B51F8043B9A4209D11B
:10156000A2EB0C03934313EACC13DBD04FF0000043
:10157000704700BFD01A01BAB1FA81F101F0180129
:1015800022FA01F0CB40C1F12001DBB2C0B2C01A97
:101590002CFA01F3D11A914311EAC311E6D1704735
:1015A0002DE9FF4F1F464FF03C0987B04FF0004236
:1015B000DDE9141001F10108DDF858A002EA4050FD
:1015C0000390002005908346054604460490B969BF
:1015D000461E08988847AAF1010A0290BAF1000F46
:1015E0003BDD02982E2815D0102100F016FA0028B5
:1015F0002EDB4FF0010B0599014317D0B9F1000F15
:101600000BDB4A46C11700F0F5F905430C43A9F17D
:10161000040905E0012004900BE008B145F0010544
:1016200001200590049820B9361D02E0049800B10D
:10163000361FB969089808F101088847BBF1000F07
:10164000AAF1010A0290C9D00999C1F80080C5E742
:101650000298702808D0502806D0F9690898884761
:10166000BBF1000F14D04FE0002002900120BBF12D
:10167000000F049009D0B969089808F1010888475B
:10168000AAF10109B9F1000F07DCF9690898884748
:101690006FF001000BB0BDE8F08F2B2804D02D288F
:1016A0000CD14FF0FF300490B969089808F1010897
:1016B0008847A9F10109B9F1000FE6DD411CE4D02A
:1016C0000A2100F0AAF90028DFDB029908F10108DD
:1016D00001EB810100EB41000290B969089888474D
:1016E0000A2100F09AF9099AA9F10109B9F1000F4C
:1016F000C2F8008001DD0028E7DAF9690898884718
:101700000499029800FB016655EA040004D004F035
:101710004041090002D006E0039898E0A40044EAA2
:101720009574AD00B61E04F00041080002D16D1999
:101730006441761E159810F0240F03D04FF00B096A
:101740005C4803E04FF028096FF07D008246564563
:1017500007DAAAEB06018944B9F1410F01DD4FF028
:10176000410901200021A9F1010200F043F90246DC
:1017700028400B462140084301D0012100E0002110
:10178000501E029143F1FF3128402140084301D00F
:10179000012000E000200299834651EA0B014FD05E
:1017A000002108464FF00000039900F4400039B1D1
:1017B00000EB80004FF4400100EBD07001EA6000C4
:1017C0008015012802DD4FF0FF3000E013D0401CEF
:1017D00036D0029860B3BBF1000F0CD14A4601200D
:1017E000002100F007F928402140084301D00120E2
:1017F00000E00020E0B101204A46002100F0FAF8A4
:10180000034640190A4661412D1A8C4111D3B9F1A2
:10181000400F09DD159810F0240F02D0AAF134060C
:1018200003E0AAF1170600E0761C00254FF0004403
:1018300006E05B1E42F1FF3220EA030521EA0204C2
:10184000CAF10100B04206DA1B490398084301902F
:10185000002000900EE0039AC4F3D321E80A0A4363
:10186000164940EA44500A433146CDE90002684631
:1018700002F04FFE159810F0240F0BD01598C007FA
:1018800015D13868DDE90012031D3B600068C0E92E
:1018900000120CE002A8694602F032FE1598C0075B
:1018A00005D13868029A011D39600068026040461F
:1018B000F0E6000002FCFFFF0000F07F0000F03FB8
:1018C0002DE9FF4F92461D4685B04FF00041DDE9FE
:1018D000124BDDE914727F1E01EA4B50414940F082
:1018E000FF4940EA0108002122F020004928049124
:1018F00002D04E2828D04CE03BA0012607C88DE836
:101900000700A9690698641C88477F1E014606D413
:101910001DF8060018B121F0200181420BD0E969C1
:1019200006988847032E34D0082E32D06FF001007D
:1019300009B0BDE8F08F761C032E01D0082EE0D14F
:10194000601CCAF80000DCE7A9690698641C884797
:101950007F1E2AD420F02000412826D1A9690698AC
:10196000641C88477F1E20D420F020004E281CD104
:10197000A9690698641C88477F1E48F4002849F42A
:101980008009CAF8004001D4282806D0E9690698E1
:1019900088475FEACB7012D022E0A9690698641CE0
:1019A00088477F1E01D4002803DAE9690698884732
:1019B000BCE72928F1D1641CCAF80040E9E71BF014
:1019C000240F07D028680499031D2B600068C0E924
:1019D000001805E02868021D2A600068C0F8009021
:1019E0002046A5E70000F07F494E46494E4954592C
:1019F00000000000B2F120030AD5C2F1200301FA71
:101A000002F120FA03F300FA02F041EA0301704701
:101A100000FA03F14FF0000070473A2800D2303846
:101A200020F02002412A01D3A2F13700884201D3DD
:101A30004FF0FF3070475FEA400C08BF91F0000F95
:101A40004FEA8C234FEAC12243EA51514FEA1C501E
:101A500018BF00F5F0404FEA300018BF41F00041D8
:101A60005FEA6C5C00F02980BCF1FF3F08BF40F0EA
:101A700080407047130C06BF12044FF0100C4FF05B
:101A8000000C130E04BF12020CF1080C130F04BF5C
:101A900012010CF1040C930F04BF92000CF1020C24
:101AA000D30F04BF52000CF1010C11464FF000029D
:101AB000A0F11F00A0EB0C00704711F0004F08BF11
:101AC000704731F000413FF4D5AF0B0C06BF09045D
:101AD0004FF0100C4FF0000C0B0E04BF09020CF17C
:101AE000080C0B0F04BF09010CF1040C8B0F04BF91
:101AF00089000CF1020CCB0F04BF49000CF1010C62
:101B0000CCF12003A0EB0C0022FA03F302FA0CF252
:101B100041EA030100F10100704720F07F4C80EAA8
:101B2000030023F07F47ACEB070303F57C5300F081
:101B3000004003F1FF032DE980494FEA154B09B43A
:101B40004FEA144325EA0B4E24EA03480FF2042619
:101B500006EB132749083E785FEA320203FB06676B
:101B6000C7F5000707FB06F64FEA54374FEAD6469B
:101B700006F1020607FB066CCCF1005C4FEA1C473D
:101B80002CEA074C07FB06F40CFB06F504EB1546A4
:101B90004FEA961634BF00204FF000404FEAD1378D
:101BA00006FB07FC4FEA1C4C0CFB0BF7D21B03FB9C
:101BB0000CF761EB07010CFB0EF7B0EB074072EB83
:101BC00017420CFB08F734BFA2EB0742B2EB074207
:101BD00061EB17414FEA0C444FEA910706FB07FC03
:101BE0004FEA1C4C0CFB0BF7B0EBC74072EB5732C3
:101BF00003FB0CF734BFA2EBC742B2EBC74261EB69
:101C000057310CFB0EF7B0EBC70072EB57720CFBB1
:101C100008F734BFA2EBC702B2EBC70261EB577102
:101C2000039F4FEA816141EA921104EBCC044FEA31
:101C3000D1374FEA826206FB07FC42EA90124FEA74
:101C400080604FEA1C4C0CFB0BF7D21B03FB0CF71C
:101C500061EB07010CFB0EF7B0EB074072EB17428C
:101C60000CFB08F734BFA2EB0742B2EB074261EB73
:101C700017414FEA8C554FEA910704EB9C2406FB71
:101C800007FC4FEA1C4C0CFB0BF7B0EBC74072EBA8
:101C9000573203FB0CF734BFA2EBC742B2EBC7428B
:101CA00061EB57310CFB0EF7B0EBC70072EB5772CC
:101CB0000CFB08F734BFA2EBC702B2EBC70261EB23
:101CC000577115EB4C254FEA816141EA92114FEAB9
:101CD00082624FEAD13742EA901206FB07FC44F1D8
:101CE00000044FEA80604FEA1C4C0CFB0BF7D21B40
:101CF00003FB0CF761EB07010CFB0EF7B0EB0740A1
:101D000072EB17420CFB08F734BFA2EB0742B2EBB1
:101D1000074261EB174115EB1C154FEA813141EA8F
:101D200092414FEA823242EA90424FEA80304FEAD3
:101D30000C7644F1000448EA03434EEA0B484FF0A6
:101D4000000EB2EB080C71EB030724BF6246394664
:101D50004EEB0E0E4FF0000B0018524149414BEB79
:101D60000B0BB2EB080C71EB03077BF1000B24BFEC
:101D7000624639464EEB0E0E4FF0000B00185241F2
:101D800049414BEB0B0BB2EB080C71EB03077BF1FA
:101D9000000B24BF624639464EEB0E0E51EA020795
:101DA00018BF46F0010616EB0E7655F1000254F10D
:101DB000000103D5BDE88901BDE80088BDE88901BF
:101DC000BDE80048B619524141EB0101A3F10103FE
:101DD000704780807F7E7D7C7B7A79787776767598
:101DE0007473727171706F6E6E6D6C6C6B6A6A6910
:101DF0006868676666656464636362616160605FAA
:101E00005F5E5E5D5D5C5C5B5B5A5A595958585722
:101E1000575656555555545453535252525151508A
:101E200050504F4F4F4E4E4D4D4D4C4C4C4B4B4BDD
:101E30004A4A4A4949494848484747474746464623
:101E4000454545444444444343434342424242415E
:101E50004141000046EA0646A3F570534FEA164694
:101E600046EA42564FEAD22242EA415210B54FEAC0
:101E7000D121A3F1010300F02FF820F0004000F180
:101E8000020C00F0004701EB00501146BCF5006F5A
:101E900040EA070000D210BDBAF1000F0AD01CB50D
:101EA00003B44FF004004FF004014FF000000FBCEA
:101EB000BDE810404FF00001BBF1010FB9BF04486D
:101EC0004FF0FF310348002140EA070010BD00BF7A
:101ED000FFFFEF7F0000F07F002B9C4630D477009F
:101EE0002BD01CB54FEA370703B44FF010004FF06A
:101EF0001001BAF1000F06D0BCF1000FDCBF40F0BA
:101F0000080040F008014FF000000FBCBDE8104091
:101F10000BF1010BBBF1010F08BF5FEA170722BFEE
:101F200012F1010211F101014FF0004143F10003F0
:101F300000F0004043EA00007047F9D35708D0E7AB
:101F400046EA064613F1400F4FEA16461FDD13F12D
:101F5000200FDFBF16430A46002120335B42BED06C
:101F6000C3F1200746EA064602FA07F74FEA16468B
:101F700046EA0706C3F1200722FA03F201FA07F73F
:101F800021FA03F14FF0000342EA0702A7E746EA0D
:101F9000020646EA06464FEA164646EA0106BCBF76
:101FA00046EA0646360C4FF000034FF000024FF0B1
:101FB000000194E72DE9804C9A46934670B491E86D
:101FC000380007C831EA400C48BF34EA430C03D557
:101FD000FFF7A3FDFFF780FFF0BCBDE8008C2DE903
:101FE000804C9A46934670B491E8380007C831EAAD
:101FF000400C48BF34EA430C03D5FFF78EFDFFF7D2
:1020000029FFF0BCBDE8008C2DE9804C9A46934630
:1020100070B491E8380007C810F0804F08BF13F083
:10202000804F03D100F01AF8FFF756FFF0BCBDE86F
:10203000008C2DE9804C9A46934670B491E83800A4
:1020400007C810F0804F08BF13F0804F03D100F095
:1020500005F8FFF7FFFEF0BCBDE8008C20F07F47DD
:1020600080EA030023F07F4C07EB0C03A3F57C53BD
:1020700000F00040A3F1FE0392F0000F00F0B380E7
:1020800095F0000F00F077802DE901494FEA1140EB
:102090004FEA144621EA004800FB06FC24EA064702
:1020A00008FB06F607FB08F800FB07F718EB0648E5
:1020B0004CEB164C4FEA124B18EB07484FEA15460B
:1020C0004CEB174022EA0B4E0BFB06FC25EA0647B9
:1020D0000EFB06F607FB0EFE0BFB07F71EEB064E8C
:1020E0004CEB164C4FF000061EEB074E4CEB174B1B
:1020F00018EB0B0840F1000018EB0E0B58EB000832
:1021000040F100008F1A4FF000013CBFC943661B2D
:1021100014BFB5EB040C00213CBFC943F61B4FEACA
:1021200017444EEA8E0E27EA04454FEA1C4704FB8B
:1021300007622CEA074C05FB07F70CFB05F604FBCE
:102140000CFC16EB074642EB174216EB0C4642EB33
:102150001C421BEB060658EB0202414146EA9E0672
:1021600001D5BDE80189B619524141EB0101A3F146
:102170000103BDE801894FEA14454FEA114724EAFB
:10218000054621EA074C05FB07F406FB07F70CFBA5
:1021900006F105FB0CFC11EB074144EB17444FEA39
:1021A000124711EB0C4144EB1C4422EA074C05FB9F
:1021B00007F206FB07F70CFB06F605FB0CFC16EB1B
:1021C000074642EB174216EB0C4642EB1C456A18D9
:1021D00054F1000148BF7047B619524141EB01016B
:1021E000A3F10103704795F0000F37D04FEA114279
:1021F0004FEA144721EA024624EA074C02FB07F1A2
:1022000006FB07F70CFB06F402FB0CFC14EB07447F
:1022100041EB17414FEA154714EB0C4441EB1C41CD
:1022200025EA074C02FB07F506FB07F70CFB06F651
:1022300002FB0CFC16EB074645EB174516EB0C466C
:1022400045EB1C42121951F1000148BF7047B61905
:10225000524141EB0101A3F1010370474FEA1445DC
:102260004FEA114724EA054621EA074C05FB07F12E
:1022700006FB07F70CFB06F24FF0000605FB0CFC13
:1022800012EB074241EB174112EB0C4251EB1C41A0
:1022900048BF7047921841EB0101A3F10103704759
:1022A00000BFFEE77047000070B504461D460023DE
:1022B000B5F5804F13D154F822300C480340D1E9D2
:1022C000000640EA06108E6840EA06208E8940EA41
:1022D00006408E693043034344F8223003E06FF038
:1022E000704044F82200002070BD00000000F0CFD4
:1022F00010B503460022086853F820201248024017
:10230000D1E901042043CC6820430C6920434C6987
:1023100020438C692043CC6920430C6A20434C6ADB
:1023200020438C6A2043CC6A2043CC6B20430C6B47
:10233000204302438868082801D142F0400208681F
:1023400043F82020002010BD8000F0FF30B5034688
:102350000024501C53F8204004F04044D1E900050B
:1023600040EA05108D6840EA05208D8940EA054560
:10237000088A401E45EA0055087D801E45EA006037
:102380008D6928430443501C43F82040002030BD91
:1023900070B50446A56D00F085F9064694F8350041
:1023A000022808D08020606500BF002084F8340037
:1023B00000BF012070BD2068006820F01600216871
:1023C00008602068406920F0800021684861206C26
:1023D00008B9A06C28B12068006820F008002168C6
:1023E00008602068006820F00100216808600FE0A4
:1023F00000F058F9801B05280AD92020606500BF2D
:10240000002084F8340000BF032084F83500D1E7B1
:102410002068006800F001000028E9D194F85C1001
:102420003F208840A86000BF002084F8340000BF2F
:10243000012084F835000020BCE7014691F8350002
:10244000022803D08020486501207047052081F8CC
:1024500035000868006820F001000A68106000205C
:10246000F3E70000F8B502460B46002500240020E3
:102470000021DEE0012606FA01F51E6806EA0504E1
:10248000AC4275D11E7906F00306012E04D01E79E8
:1024900006F00306022E13D190684F000326BE40BB
:1024A000B0434F00DE68BE40304390605068012664
:1024B0008E40B0431E79C6F300168E403043506004
:1024C0001E7906F00306032E09D0D0684F000326BC
:1024D000BE40B0434F009E68BE403043D0601E797E
:1024E00006F00306022E13D1CF0802F1200656F89B
:1024F00027004E07F70E0F26BE40B0434F07FF0ED2
:102500001E69BE403043CF0802F1200646F827007E
:1025100010684F000326BE40B0431E7906F0030644
:102520004F00BE40304310605E6806F08056B6F142
:10253000805F7DD100BF00260096404E366846F48D
:1025400080463E4F3E603E46366806F48046009622
:1025500000BF00BF3A4E8F0856F827008E07370F8E
:102560000F26BE40B043374EB24202D1002624E0CF
:102570005EE0354EB24201D101261EE0334EB2423A
:1025800001D1022619E0324EB24201D1032614E0F5
:10259000304EB24201D104260FE02F4EB24201D19B
:1025A00005260AE02D4EB24201D1062605E02C4E4A
:1025B000B24201D1072600E008268F073F0FBE4038
:1025C00030431F4E8F0846F82700264E3068A04340
:1025D0005E6806F48036B6F5803F00D12043214E78
:1025E0003060361D3068A0435E6806F40036B6F5EC
:1025F000003F00D120431B4E361D3060361D306831
:10260000A0435E6806F48016B6F5801F00D1204313
:10261000144E08363060361D3068A0435E6806F4FC
:102620000016B6F5001F00D120430E4E0C36306068
:10263000491C1029FFF41EAFF8BD000044380240C9
:102640000838014000000240000402400008024037
:10265000000C02400010024000140240001802402A
:10266000001C0240003C0140024613690B400BB1C4
:10267000012000E00020704710B5426921EA020302
:1026800002EA010443EA0443836110BD0AB1816197
:1026900001E00B048361704701480068000C70473B
:1026A000002004E00148006870470000200000207E
:1026B00003480068034909780844014908607047E5
:1026C000200000202800002010B50A48006840F4CF
:1026D0000070084908600846006840F4806008609F
:1026E000052000F07FF80F2000F006F800F02AF82F
:1026F000002010BD003C024070B504460E48007832
:102700004FF47A71B1FBF0F00C490968B1FBF0F5B8
:10271000284600F0F1FD08B1012070BD102C07D251
:1027200000222146501E00F01EF80548046001E01A
:102730000120F2E70020F0E7280000200C00002034
:1027400024000020704701460846002809DB00F0FD
:102750001F0301229A4043099B0003F1E023C3F8C1
:10276000002100BF70472DE9F05F80460D461646F8
:10277000002701F087FD074639462A46334601F017
:102780000700C0F1070ABAF1040F02D94FF0040A9A
:1027900001E0C0F1070AD14600F1040ABAF1070FBF
:1027A00002D24FF0000A01E0A0F1030AD4464FF034
:1027B000010A0AFA09FAAAF1010A0AEA020A0AFA5D
:1027C0000CFA4FF0010B0BFA0CFBABF1010B0BEA0F
:1027D000030B4AEA0B042146404601F05BFDBDE8CD
:1027E000F09F000000BF00F00702064B19684FF68B
:1027F000FF031940044B0B4343EA0221014B1960CC
:1028000000BF70470CED00E00000FA0570B504460B
:102810000D460CB9012070BD5848006800F0070053
:10282000A84209D255490D700846006800F007001B
:10283000A84201D00120EEE7207800F00200022833
:102840001DD1207800F00400042805D14C48006810
:1028500040F4E0504A490860207800F00800082859
:1028600005D14748006840F4604045490860444845
:10287000006820F0F000A168084341490860207812
:1028800000F00100A8B36068012807D13C4808386F
:102890000068C0F34040B8B90120BCE76068022876
:1028A00002D06068032807D1354808380068C0F3B3
:1028B000406048B90120AEE7314808380068C0F3ED
:1028C000400008B90120A6E72D48006820F0030069
:1028D000616808432A490860FFF7E4FE064609E0FC
:1028E000FFF7E0FE801B41F28831884202D90320C5
:1028F00091E707E02248006800F00C006168B0EB47
:10290000810FEDD11D48006800F00700A84209D9E9
:102910001A490D700846006800F00700A84201D06F
:10292000012078E7207800F00400042807D114483B
:10293000006820F4E050E1680843114908602078FD
:1029400000F00800082808D10D48006820F4604015
:10295000216940EAC1000A49086000F03FF80849CF
:102960000968C1F30311074A515CC8400649086071
:1029700006480068FFF7C0FE00204CE7003C02401C
:1029800008380240F89F00080C00002024000020B6
:1029900001480068704700000C00002000B5FFF7F8
:1029A000F7FF04490968C1F38221034A515CC8401A
:1029B00000BD00000838024008A0000800B5FFF77D
:1029C000E7FF04490968C1F34231034A515CC8403A
:1029D00000BD00000838024008A000082DE9F047BB
:1029E000002400250026A1462548006800F00C00C0
:1029F00020B1042805D008283AD105E0DFF88490FA
:102A000039E0DFF8849036E01D48001F006800F0D0
:102A10003F041B48001F006800F4800078B11A488A
:102A20001749091F0968C1F38811A0FB017001460D
:102A3000224600233846FDF760FC05460EE01148AB
:102A40000F49091F0968C1F38811A0FB01700146F5
:102A5000224600233846FDF750FC05460848001F73
:102A60000068C0F30140401C4600B5FBF6F902E0E7
:102A7000DFF8109000BF00BF4846BDE8F0870000B7
:102A8000083802400024F40000127A00F8B5044629
:102A90000CB90120F8BD207800F00100002874D0A6
:102AA000F948006800F00C0004280DD0F6480068D2
:102AB00000F00C00082813D1F348001F006800F450
:102AC0008000B0F5800F0BD1EF4808380068C0F3E4
:102AD0004040002859D06068002856D10120D9E72D
:102AE00000BF6068B0F5803F08D1E748083800684B
:102AF00040F48030E449083908601EE06068B0F5B1
:102B0000A02F0DD1E0480838006840F48020DE494D
:102B1000083908600846006840F4803008600CE01E
:102B2000D9480838006820F48030D749083908604F
:102B30000846006820F48020086000BF606890B1FB
:102B4000FFF7B0FD054606E0FFF7ACFD401B64282B
:102B500001D903209EE7CC4808380068C0F3404004
:102B60000028F1D011E0FFF79DFD054606E0FFF7D4
:102B700099FD401B642801D903208BE7C24808381F
:102B80000068C0F340400028F1D1207800F0020036
:102B900002285FD1BC48006800F00C0058B1BA4868
:102BA000006800F00C0008281CD1B748001F00681E
:102BB00000F48000B0B9B44808380068C0F34000A1
:102BC00020B1E068012801D0012063E7AE48083851
:102BD000006820F0F800216940EAC100AA490839DC
:102BE000086037E0E06800B30120A8490860FFF7FB
:102BF00059FD054606E0FFF755FD401B022801D9A7
:102C0000032047E7A04808380068C0F340000028C8
:102C1000F1D09D480838006820F0F800216940EAAA
:102C2000C10099490839086014E0002097490860FC
:102C3000FFF738FD054606E0FFF734FD401B02288C
:102C400001D9032026E7904808380068C0F3400007
:102C50000028F1D1207800F0080008282CD1606904
:102C6000A8B101208A490860FFF71CFD054606E06F
:102C7000FFF718FD401B022801D903200AE782480C
:102C80006C300068C0F340000028F1D014E0002050
:102C90007F490860FFF706FD054606E0FFF702FDE5
:102CA000401B022801D90320F4E677486C30006805
:102CB000C0F340000028F1D1207800F0040004287F
:102CC00070D1002770483830006800F0805090B90B
:102CD00000BF002000906C483830006840F0805001
:102CE0006949383108600846006800F0805000905B
:102CF00000BF00BF01276748006800F48070B0B9CA
:102D00006448006840F4807062490860FFF7CAFCBC
:102D1000054606E0FFF7C6FC401B022801D9032048
:102D2000B8E65C48006800F480700028F2D000BF6C
:102D3000A068012808D154486830006840F00100BC
:102D40005149683108601DE0A06805280DD14E4842
:102D50006830006840F004004B496831086008465C
:102D6000006840F0010008600CE0474868300068E7
:102D700020F001004449683108600846006820F0EE
:102D80000400086000BFA068A8B1FFF78BFC0546EF
:102D900009E0FFF787FC401B41F28831884202D9E5
:102DA000032077E626E0384868300068C0F340002A
:102DB0000028EED013E0FFF775FC054608E0FFF7AA
:102DC00071FC401B41F28831884201D9032061E641
:102DD0002D4868300068C0F340000028EFD1012F73
:102DE00007D129483830006820F080502649383112
:102DF000086000BFA069002845D02348006800F0A3
:102E00000C0008285DD0A069022845D100201F4988
:102E10000866FFF747FC054606E0FFF743FC401B4A
:102E2000022801D9032035E6174808380068C0F3A6
:102E300040600028F1D1D4E907010843616A40EA03
:102E400081110122A06AC2EB500041EA00412C200E
:102E5000005D41EA00600C49091F086001200B4930
:102E60000866FFF71FFC054606E0FFF71BFC401B4A
:102E7000022801D903200DE6034808380068C0F392
:102E800040600028F1D049E0083802400000474285
:102E9000800E474200700040002021490866FFF77D
:102EA00001FC054606E0FFF7FDFB401B022801D9A7
:102EB0000320EFE51B480068C0F340600028F2D112
:102EC0002CE0A069012800D1E4E51648001D066841
:102ED000A069012820D006F48001E06981421BD15D
:102EE00006F03F01206A814216D147F6C07030409B
:102EF000616AB0EB811F0FD106F440310122A06A54
:102F0000C2EB5000B1EB004F06D106F070612C20EF
:102F1000005DB1EB006F01D00120BBE50020B9E5F9
:102F200000004742003802402DE9F04F85B00446CA
:102F3000884691461D460E9E002004900120029076
:102F40000020019000BF94F85000012803D1022016
:102F500005B0BDE8F08F012084F8500000BFFFF7F6
:102F6000A1FB074694F851B060680390AA46BBF1F4
:102F7000010F0BD00398B0F5827F04D1A06810B97F
:102F8000BBF1040F02D0022001902CE1B8F1000F38
:102F900003D0B9F1000F00D015B90120019022E152
:102FA00094F85100042802D0052084F85100002034
:102FB0006065C4F83890E587A587C4F83080E58659
:102FC000A58620646064A06AB0F5005F0DD100BFE3
:102FD0002068006820F400502168086020680068BC
:102FE00040F400502168086000BF2068006800F0CD
:102FF0004000402805D02068006840F0400021686B
:103000000860E068B0F5006F56D1606810B1BAF1A1
:10301000010F09D1206B00882168C860206B801CDB
:103020002063E08E401EE0863FE02068806800F06C
:10303000020002281CD1E08ED0B10298012817D1DD
:10304000206B00882168C860206B801C2063E08EA4
:10305000401EE08600200290E08E48B9A06AB0F5DC
:10306000005F05D12068006840F480502168086046
:103070002068806800F0010068B1E08F58B12068D6
:10308000C068A16B0880A06B801CA063E08F401E0D
:10309000E08701200290FFF705FBC01BB04204D37C
:1030A000701C10B1032001909DE0E08E0028BCD17F
:1030B000E08F0028B9D156E0606810B1BAF1010F75
:1030C00009D1206B007821680873206B401C2063B5
:1030D000E08E401EE08640E02068806800F002003C
:1030E00002281CD1E08ED0B10298012817D1206BA4
:1030F000007821680873206B401C2063E08E401E1E
:10310000E08600200290E08E48B9A06AB0F5005F2A
:1031100005D12068006840F480502168086020686C
:10312000806800F0010068B1E08F58B12068C06885
:10313000A16B0870A06B401CA063E08F401EE0876D
:1031400001200290FFF7AEFAC01BB04201D3701C01
:1031500000B916B90320019045E0E08E0028BBD1EC
:10316000E08F0028B8D1A06AB0F5005F12D13346D5
:10317000012211462046009700F0D0FC30B1606D6E
:1031800040F002006065032001902CE02068C068D8
:10319000049000BF2068806800F01000102809D15A
:1031A000606D40F0020060654FF6EF702168886046
:1031B000012001903A463146204600F079FC20B1CA
:1031C00001200190202060650DE0A06850B900BF8B
:1031D000002000902068C0680090206880680090FF
:1031E00000BF00BF00BF012084F8510000BF0020D5
:1031F00084F8500000BF0198AAE670B504460E4658
:1032000015460CB9012070BD94F8490028B900207A
:1032100084F84800204600F01DF804F108012068F9
:10322000FFF766F83146A2682068FFF78FF8294655
:10323000236BD4E90102FFF737F8A168206850F842
:10324000210040F00100A268216841F8220000201E
:10325000D9E7000010B586B0044600BF00200090FA
:103260002248006840F001002049086008460068D4
:1032700000F00100009000BF00BF00BF00200090E0
:103280001A480838006840F00800184908390860F2
:103290000846006800F00800009000BF00BF00BFB3
:1032A000002000900846006840F0100008600846C2
:1032B000006800F01000009000BF00BF4CF20370E7
:1032C00001900220029001200390022004900C2023
:1032D000059001A90648FFF7C5F84FF680700190E8
:1032E00001A90448FFF7BEF806B010BD3838024007
:1032F000000C02400010024070B504462546681ECE
:10330000B0F1807F01D301200FE0681E4FF0E02173
:1033100048610F214FF0FF3000F0BCFF00204FF05C
:10332000E021886107200861002070BD10B50446C7
:103330000CB9012010BD94F83D0028B9002084F894
:103340003C00204600F025F8022084F83D00211DB5
:10335000206800F081FC012084F8460000BF84F85A
:103360003E0001213F2001554020015541200155DB
:1033700000BF00BF012084F84200432001554420D3
:1033800001554520015500BF012084F83D00002073
:10339000D0E77047014691F83D00012801D0012097
:1033A0007047022081F83D000868C06840F00100C5
:1033B0000B68D8601A4B086898421BD00868B0F1B7
:1033C000804F17D0174B0868984213D0164B0868E7
:1033D00098420FD0154B086898420BD0144B0868E0
:1033E000984207D0134B0868984203D0124B0868E4
:1033F00098420CD10868806800F00702062A0CD0B9
:103400000868006840F001000B68186005E0086873
:10341000006840F001000B6818600020C0E7000061
:10342000000001400004004000080040000C004083
:103430000004014000400140001800407047704700
:103440002DE9F84F0446206805682068C6682068A2
:1034500047694FF00009CA4605F00F09B9F1000F9E
:103460000AD105F0200038B106F0200020B1204636
:1034700000F01DFDBDE8F88FB9F1000F72D007F024
:10348000010018B906F4907000286BD005F0010017
:1034900030B106F4807018B1206C40F00100206457
:1034A00005F0040030B107F0010018B1206C40F0C5
:1034B0000200206405F0020030B107F0010018B1ED
:1034C000206C40F00400206405F0080048B106F0CC
:1034D000200010B907F0010018B1206C40F008007E
:1034E0002064206C70B305F0200028B106F02000A5
:1034F00010B1204600F0DBFC20684069C0F3801A60
:10350000206C00F0080010B9BAF1000F23D020465B
:1035100000F0A2FC2068406900F04000402816D16D
:103520002068406920F0400021684861A06B50B1DC
:103530005648A16B0865A06BFEF77FFF10B1A06B2A
:10354000016D88470CE02046FFF779FF08E0204630
:10355000FFF775FF04E02046FFF771FF00202064AD
:1035600088E7FFE7206B012879D105F010000028DB
:1035700075D006F01000002871D000BF0020009028
:1035800020680068009020684068009000BF00BF7D
:103590002068406900F04000402839D1A06B0068E5
:1035A00040681FFA80F8B8F1000F30D0A08D404578
:1035B0002DDDA4F82E80A06BC069B0F5807F1FD0F0
:1035C0002068C06820F480702168C8602068406965
:1035D00020F00100216848612068406920F0400027
:1035E00021684861202084F83E0000202063206884
:1035F000C06820F010002168C860A06BFEF7C8FE0C
:10360000A08DE28D801A81B22046FFF717FF31E7C7
:10361000A08DE18D401A1FFA80F8E08DE8B1B8F175
:10362000000F1AD02068C06820F490702168C8602C
:103630002068406920F0010021684861202084F85A
:103640003E00002020632068C06820F01000216840
:10365000C86041462046FFF7F1FE0BE7FFE705F0A3
:10366000800030B106F0800018B1204600F0B7FDB0
:1036700000E705F0400030B106F0400018B12046E8
:1036800000F005FCF6E600BFF4E60000453E000849
:1036900010B504460CB9012010BDA06900B100E0CE
:1036A00000BF94F83D0028B9002084F83C00204673
:1036B00000F028F8242084F83D002068C06820F439
:1036C00000502168C860204600F050FC2068006966
:1036D00020F49040216808612068406920F02A00A9
:1036E000216848612068C06840F400502168C860C3
:1036F00000202064202084F83D0084F83E00002053
:10370000CAE7000010B586B004462E4920688842FA
:1037100055D100BF00BF002000902B48006840F04A
:103720001000294908600846006800F01000009069
:1037300000BF00BF00BF00BF00BF002000902248B4
:103740001438006840F001001F4914390860084629
:10375000006800F00100009000BF00BF00BF00BF84
:1037600000BF002000900846006840F0010008609B
:103770000846006800F00100009000BF00BF00BFD5
:10378000481501900220029001200390022004902D
:103790000720059001A90D48FEF764FE4FF48060F4
:1037A00001900720059001A90848FEF75BFE25203F
:1037B000FEF7C9FF032211462520FEF7D4FF06B00D
:1037C00010BD0000001001404438024000000240DB
:1037D00070B504460D46164694F83E00202816D1D2
:1037E00005B10EB9012070BD00BF94F83C0001285E
:1037F00001D10220F7E7012084F83C0000BF00203F
:10380000206332462946204600F0C6FCEBE7022042
:10381000E9E7000010B504462049206888423BD102
:103820001F48008800F4004088BB1D48008800F451
:10383000804070B11B4800780A2803D00020184946
:10384000088024E01648008840F4004014490880AD
:103850001DE0144800780D2806D11148008840F476
:1038600080400F49088012E00E4800780C49098812
:10387000C1F30D010C4A505409480088401C084906
:10388000088008460088C72801DD00200880012242
:1038900004490648FFF79CFF10BD000000100140DE
:1038A0001C0000201E000020D8010020A0020020E3
:1038B0007047000000B587B0142102A8FCF71CFF78
:1038C00000BF002001901248006840F0020010493B
:1038D00008600846006800F00200019000BF00BFC9
:1038E000C020029011200390012004900220059036
:1038F00002A90848FEF7B6FD012240210548FEF75F
:10390000C5FE012280210348FEF7C0FE07B000BDBE
:10391000303802400004024070B5002400F028FA5C
:10392000422000F065FA00F003FA012280211348DA
:10393000FEF7ACFE002519E0002240210F48FEF7FB
:10394000A5FE64100A2000F00DFA012240210B4868
:10395000FEF79CFE80210948FEF786FE08B144F080
:103960008004142000F0FEF9681CC5B2082DE3DBCA
:1039700000F0DEF900F01AFA204670BD00040240A3
:103980002DE9F05F2DED028BB0EE408A9FED410AEC
:10399000B4EEC08AF1EE10FA03D29FED3E0AB0EE0B
:1039A000408A9FED3D0AB4EEC08AF1EE10FA03DDC5
:1039B0009FED390AB0EE408AB2EE040A28EE000A02
:1039C000BDEEC00A10EE104A002C00DA64426420FA
:1039D00094FBF0F000F0FF090A2094FBF0F00A21BC
:1039E00090FBF1F201FB120000F0FF0A0A2094FBA9
:1039F000F0F100FB114000F0FF0B28480778284841
:103A000010F80950FC2D02D1642C00DA002524485E
:103A100010F80A0040F00108214810F80B60B5EEDC
:103A2000C08AF1EE10FA01D246F0010600F0A0F9CA
:103A3000402000F0DDF900F07BF900F0B7F900F06C
:103A400097F9C02000F0D4F900F072F9384600F080
:103A5000CFF900F06DF9284600F0CAF900F068F9D6
:103A6000404600F0C5F900F063F9304600F0C0F9B7
:103A700000F05EF900F09AF900F07AF98C2000F07D
:103A8000B7F900F055F900F091F9BDEC028BBDE8F3
:103A9000F09F0000CDCCC7C2CDCCC74210000020A3
:103AA00010A0000800BFFEE700BFFEE770477047A8
:103AB0007CB504460D461646164800681821B0FB32
:103AC000F1F01549B0FBF1F04FF47A7148430190E1
:103AD0006068B0F5827F0DD12B4600228021204600
:103AE000009600F01BF898B1606D40F02000606512
:103AF00003207CBD00BF019800B908E00198401E7A
:103B0000019020688068C0F3C0100028F3D100BF86
:103B10000020EEE70C00002040420F002DE9F84F96
:103B200004460D4690461E46DDF82890FEF7BAFD85
:103B3000A0EB0900371AFEF7B5FD82462C48006855
:103B4000C0F3CB307843009045E0701C002842D091
:103B5000FEF7A8FDA0EB0A00B84200D2A7BB206880
:103B6000406820F0E000216848606068B0F5827F1E
:103B70000DD1A068B0F5004F03D0A068B0F5806FFC
:103B800005D12068006820F0400021680860A06A24
:103B9000B0F5005F0DD100BF2068006820F4005030
:103BA000216808602068006840F4005021680860BF
:103BB00000BF012084F8510000BF002084F85000AD
:103BC00000BF0320BDE8F88FFFE7009800B9002789
:103BD0000098401E0090206880682840A84201D1CB
:103BE000012000E000204045AFD10020EAE70000BE
:103BF0000C000020704710B5FEF75AFD10BD000004
:103C00000348006840F470000149086070470000F4
:103C100088ED00E010B50E480068C06800F00100B3
:103C200078B10C4908698047002009490968486251
:103C300000BF642006490968C86264210448C16065
:103C400000BF6FF0010002490968086110BD000063
:103C50009C030020E400002010B50268294B984224
:103C60000ED0B0F1804F0BD0274B984208D0274B95
:103C7000984205D0264B984202D0264B984203D159
:103C800022F070024B681A431E4B984220D0B0F1CC
:103C9000804F1DD01C4B98421AD01C4B984217D015
:103CA0001B4B984214D01B4B984211D01A4B984290
:103CB0000ED01A4B98420BD0194B984208D0194B92
:103CC000984205D0184B984202D0184B984203D125
:103CD00022F44072CB681A4322F080034C6943EA15
:103CE000040202608B68C3620B688362054B9842D2
:103CF00002D0084B984201D10B6903630123436151
:103D000010BD000000000140000400400008004019
:103D1000000C00400004014000400140004401400C
:103D20000048014000180040001C004000200040F6
:103D300010B5002240210A48FEF7A8FC052000F03B
:103D400011F8012240210648FEF7A0FC022000F0F5
:103D500009F8002240210248FEF798FC10BD00003F
:103D60000004024010B50446204600F0F5FB10BDEB
:103D700010B5012240210C48FEF788FC0122802169
:103D80000948FEF783FC0220FFF7ECFF00228021A8
:103D90000548FEF77BFC0220FFF7E4FF00224021EC
:103DA0000148FEF773FC10BD0004024010B500226C
:103DB00040210E48FEF76AFC0220FFF7D3FF0022E5
:103DC00080210A48FEF762FC0220FFF7CBFF0122A8
:103DD00040210648FEF75AFC0220FFF7C3FF0122EC
:103DE00080210248FEF752FC10BD00000004024092
:103DF00070B50446002520E0002240211048FEF75F
:103E000045FC04F0010028B1012280210C48FEF796
:103E10003DFC04E0002280210948FEF737FC032026
:103E2000FFF7A0FF6410012240210548FEF72EFC99
:103E30000320FFF797FF681CC5B2082DDCDB70BDBF
:103E40000004024070B50546AC6B0020E085E084BC
:103E50002046FFF7F4FA70BD0168C96821F490713B
:103E60000268D1600168496921F00101026851616D
:103E7000016B012905D10168C96821F010010268B0
:103E8000D160202180F83E1000210163704710B5F9
:103E900004462068C06820F040002168C8602020E7
:103EA00084F83D002046FFF703FD002010BD70B5EB
:103EB000044694F83E00222856D1A068B0F5805FF1
:103EC0000CD1206950B90025A66A20684068C0F36B
:103ED00008003080A06A801CA06215E0A56A002658
:103EE000A068B0F5805F03D0A06828B9206918B930
:103EF00020684068287004E02068406800F07F0077
:103F00002870A06A401CA062E08D401E80B2E0854F
:103F100040BB2068C06820F020002168C86020688D
:103F2000C06820F480702168C8602068406920F073
:103F3000010021684861202084F83E00206B0128A0
:103F40000AD12068C06820F010002168C860A18DE7
:103F50002046FFF773FA02E02046FFF75BFC0020E3
:103F6000206370BD0020FCE70220FAE72DE9F84F3E
:103F700004462068006920F44050E1680843216845
:103F800008612169A068084361690843E169084341
:103F900000902068C06849F20C618843009908438A
:103FA0002168C8602068406920F44070A169084316
:103FB0002168486176492068884203D075492068A5
:103FC000884203D1FEF7FAFC814602E0FEF7E6FCE8
:103FD0008146E069B0F5004F6CD102206168A0FB1A
:103FE000015003461920A9FB007001462A463846B5
:103FF000FCF783F96421B0FBF1F04FEA001A0220CC
:104000006168A0FB01510B461920A9FB00712A46EB
:104010003846FCF772F9834602206168A0FB015024
:1040200003461920A9FB00712A463846FCF765F9BA
:104030006421B0FBF1F000EBC00101EB0010ABEB31
:104040008000322101EBC0006421B0FBF1F000F0F0
:10405000F8000AEB400A02206168A0FB0150034609
:104060001920A9FB007001462A463846FCF745F99D
:10407000834602206168A0FB015003461920A9FB7A
:1040800000712A463846FCF738F96421B0FBF1F09C
:1040900000EBC00101EB0010ABEB8000322101EB23
:1040A000C0006421B0FBF1F000F00700504421682B
:1040B00088606AE004206168A0FB01500346192073
:1040C000A9FB007001462A463846FCF716F98246DD
:1040D00004206168A0FB015003461920A9FB007071
:1040E00001462A463846FCF708F96421B0FBF1F096
:1040F00000EBC00101EB0010AAEB8000322101EBC4
:1041000000106421B0FBF1F000F0F00A04206168B7
:10411000A0FB017003461920A9FB00513A4628462E
:10412000FCF7EBF86421B0FBF1F00AEB001A042075
:104130006168A0FB01510B461920A9FB00712A46BA
:104140003846FCF7DAF8834604206168A0FB01508A
:1041500003461920A9FB007001462A463846FCF7A1
:10416000CCF86421B0FBF1F000EBC00101EB0010D2
:10417000ABEB8000322101EB00106421B0FBF1F0C9
:1041800000F00F00504421688860BDE8F88F0000FF
:10419000001001400014014010B5034699629A8551
:1041A000DA8500201864222083F83E0000BF00203A
:1041B00083F83C0000BF1868C06840F480701C6839
:1041C000E0601868406940F001001C686061186890
:1041D000C06840F020001C68E060002010BD01466F
:1041E00091F83D00212828D18868B0F5805F0BD177
:1041F000086948B90A6A1088C0F308000B6858605B
:10420000086A801C086205E00B6A581C086218786E
:104210000B685860C88C401E80B2C88458B90868C2
:10422000C06820F080000B68D8600868C06840F063
:1042300040000B68D860002070470220FCE70000B7
:1042400010B50248FFF7FCF810BD0000A0020020E6
:1042500000BFFEE703B401984100009850EAC12076
:1042600018BF04204A0D18BF40F0010040F2FF7251
:10427000B2EB515F08BF40F00200012808BF0520E3
:1042800002B0704702480068C0F302207047000087
:104290000CED00E010B5002804DB0A07130E054AF8
:1042A000135406E00A07140E034A00F00F031B1F05
:1042B000D45410BD00E400E018ED00E00000000060
:1042C00030B52DED048B81B0B0EE408AF0EE608AFF
:1042D0006A4651EC180B00F073F900989FED329B81
:1042E0007E300090002821DC53EC192B51EC180B88
:1042F00005F098FB1AD0002140F608004FF00000AE
:10430000044651EC180B05F047FB08EE100A40F686
:10431000080004EA00014FF00000B5EEC08AF1EE9B
:1043200010FA04BF0220FCF717FA2DE00098FF28CE
:1043300030DB002108464FF0000000F4400553EC4C
:10434000192B51EC180B05F023FD8CBF0024012420
:104350000220FCF701FA9FED168A4DB1002C0CBF2C
:104360004FF400004FF48000A84218BF9FED118A5F
:10437000042108464FF00000002C01BFB1EE480AAE
:1043800001B0BDEC048B30BDB0EE480A01B0BDEC0D
:10439000048B30BD51EC180B05F0FEFA01B000EEB5
:1043A000100ABDEC048B30BD0000000000000000CE
:1043B0000000807FFFFF7F7F30B583B00446FCF7AD
:1043C000C6F99FED090B05468DED000B0022214635
:1043D0006846FCF775FC2846FCF7BEF99DED000B1E
:1043E00003B030BD0000000000000000000000002D
:1043F00030B540F2FF742DED048BF0EE608A18EEBC
:10440000901A85B0B0EE408A9FED2B9B05468DED4E
:10441000008B34EA115147D053EC192B51EC180B97
:1044200005F000FB40D02A4651EC180B05F098FD32
:1044300041EC180B18EE900A8DED008B34EA105009
:104440001CD053EC192B51EC180B05F0EBFA2BD1C7
:104450000220FCF781F900F043F810EE901A18EEF4
:10446000900A8DED020B8DED008B61F31E00039021
:104470009DED020B05B0BDEC048B30BD0220FCF7B6
:104480006BF900F01DF810EE901A18EE900A8DED01
:10449000020B8DED008B61F31E0003909DED020B6E
:1044A00005B0BDEC048B30BD05B0B0EE480AF0EEAF
:1044B000680ABDEC048B30BD000000000000000065
:1044C0009FED050B10B553EC102B51EC100B05F0C4
:1044D00061FB41EC100B10BD0000000000000070FB
:1044E0009FED050B10B553EC102B51EC100B05F0A4
:1044F00051FB41EC100B10BD00000000000000104B
:1045000010B5044691ED000BFFF7DAFE84ED000ACA
:1045100010BD10B5044690ED000B0846FFF768FF8C
:1045200084ED000B10BD30380A2801D201207047FD
:104530000020704700BF70470149086070470000C5
:104540001400002010B504464FF47A7104FB01F00A
:1045500000F002F810BD000070B5034600224FF0D5
:10456000E02675690D4E366803FB06F44FF0E02631
:10457000B16910E04FF0E026B06988420BD0884264
:1045800002D20E1A324402E02E1A0E443244014680
:10459000A24200D300E0EDE700BF70BD1400002090
:1045A00000BF054A126802F04002002AF9D0C2B2E8
:1045B000014B5A60704700000010014000000000ED
:1045C00010B582B01446CDE900010023009A2360A3
:1045D000194B21F0004098422ADA024328D0B0F566
:1045E000801FA8BF226810DA9FED150B53EC102B2B
:1045F0009DED000B51EC100B05F0CCFACDE900015C
:104600006FF0350221F0004022600F4B6FF31E5116
:1046100003EB20501044206041F0FF5040F0005068
:1046200001909DED000B00BF02B051EC100B10BDCE
:104630009DED000BF8E700000000F07F0000000097
:10464000000000000000504302FCFFFF70B504466C
:10465000002609480588408845430021084603F0A4
:1046600041FA03F09BFC00BF02E004480480761C82
:10467000AE42FAD370BD0000340300208000006C0D
:1046800010B5044658488471002C58D1F020564982
:1046900008804FF4A07048800846808845F2105189
:1046A000884210D14FF430504F4908814FF42850C0
:1046B00048814FF42C5088814FF4F07008804FF4FB
:1046C000487048801AE04848808841F66311884263
:1046D0000DD12C20444908812B2048812A20888133
:1046E0004FF4F07008804FF44870488006E02C20AA
:1046F0003D4908812A2048812B2088813A488088BA
:1047000045F21031884205D03748808847F29671CB
:10471000884206D14FF4A070334908804FF4F070FE
:1047200048803148808849F60601884258D14FF4C4
:10473000F0702D4908804FF44870488050E04FF4E5
:10474000A07029490880F02048800846808845F2FA
:104750001051884210D14FF43050234908814FF452
:10476000285048814FF42C5088814FF448700880BD
:104770004FF4F070488020E01B48808841F66311B8
:10478000884205D01848808849F6060188420DD134
:104790002C20154908812A2048812B2088814FF43C
:1047A000487008804FF4F070488006E02C200E49D5
:1047B00008812A2048812B2088810B48808845F277
:1047C0001031884205D00848808847F296718842A7
:1047D00006D14FF4F070044908804FF4A07048806F
:1047E000002003F061F810BD340300202DE9F047EC
:1047F00006460F4690469A46002445460320A0EB05
:10480000480944E07A1B91B2321990B2524600F046
:1048100099F83A1B91B2721990B2524600F092F890
:104820003A1991B2721990B2524600F08BF87A1987
:1048300091B2321990B2524600F084F87A1991B2CE
:10484000321B90B2524600F07DF83A1991B2721BB9
:1048500090B2524600F076F87A1B91B2321B90B2B9
:10486000524600F06FF83A1B91B2721B90B252465A
:1048700000F068F8641CB9F1000F03DAA000801D95
:10488000814404E0601B80000A3081446D1EAC420C
:10489000B8DDBDE8F0872DE9FF4F84B081468A4638
:1048A0000020029083460698A0EB09050798A0EB2C
:1048B0000A06CDF80490CDF800A0002D01DD0127F7
:1048C00005E00DB9002702E04FF0FF376D42002EE2
:1048D00002DD4FF0010806E016B94FF0000802E0D3
:1048E0004FF0FF387642B54201DD2C4600E03446F9
:1048F000002003901EE0009A91B2019A90B2119AA2
:1049000000F020F8029828440290B3440298A04294
:1049100005DD0298001B0290019838440190A345E0
:1049200004DDABEB040B0098404400900398401C5E
:1049300080B20390611C03988842DCDD08B0BDE8BA
:10494000F08F000070B505460E46144631462846E5
:1049500003F0C8F803F022FB01490C8070BD000091
:104960008000006C2DE9F84105460E461746984632
:10497000079C33463A46314628460094FFF78BFFA2
:1049800043462A46314628460094FFF784FF4346B3
:104990003A46414628460094FFF77DFF43463A4693
:1049A000314638460094FFF776FFBDE8F88110B530
:1049B000CF2003F0E7FA002003F0D8FAC12003F07B
:1049C000D5FA302003F0D2FAED2003F0DBFA6420B0
:1049D00003F0CCFA032003F0C9FA122003F0C6FA60
:1049E000812003F0C3FAE82003F0CCFA852003F01D
:1049F000BDFA102003F0BAFA7A2003F0B7FACB2000
:104A000003F0C0FA392003F0B1FA2C2003F0AEFA1B
:104A1000002003F0ABFA342003F0A8FA022003F0E0
:104A2000A5FAF72003F0AEFA202003F09FFAEA205F
:104A300003F0A8FA002003F099FA002003F096FA98
:104A4000C02003F09FFA1B2003F090FAC12003F06E
:104A500099FA012003F08AFAC52003F093FA302076
:104A600003F084FA302003F081FAC72003F08AFAB9
:104A7000B72003F07BFA362003F084FA482003F0D5
:104A800075FA3A2003F07EFA552003F06FFAB12050
:104A900003F078FA002003F069FA1A2003F066FAAE
:104AA000B62003F06FFA0A2003F060FAA22003F0A8
:104AB0005DFAF22003F066FA002003F057FA262090
:104AC00003F060FA012003F051FAE02003F05AFAF3
:104AD0000F2003F04BFA2A2003F048FA282003F0B5
:104AE00045FA082003F042FA0E2003F03FFA0820AE
:104AF00003F03CFA542003F039FAA92003F036FA07
:104B0000432003F033FA0A2003F030FA0F2003F0B9
:104B10002DFA002003F02AFA002003F027FA0020E3
:104B200003F024FA002003F021FAE12003F02AFA2E
:104B3000002003F01BFA152003F018FA172003F0E9
:104B400015FA072003F012FA112003F00FFA0620DD
:104B500003F00CFA2B2003F009FA562003F006FAB2
:104B60003C2003F003FA052003F000FA102003F0C4
:104B7000FDF90F2003F0FAF93F2003F0F7F93F2089
:104B800003F0F4F90F2003F0F1F92B2003F0FAF908
:104B9000002003F0EBF9002003F0E8F9012003F016
:104BA000E5F93F2003F0E2F92A2003F0EBF90020B9
:104BB00003F0DCF9002003F0D9F9002003F0D6F966
:104BC000EF2003F0D3F9112003F0DCF97820FFF790
:104BD000B9FC292003F0D6F910BD10B5FF2003F071
:104BE000D1F9FF2003F0C2F9982003F0BFF90620A5
:104BF00003F0BCF9BC2003F0C5F9012003F0B6F9BD
:104C00000F2003F0B3F9612003F0B0F9FF2003F0A7
:104C1000ADF9012003F0AAF9012003F0A7F90B2058
:104C200003F0A4F9102003F0A1F9372003F09EF956
:104C3000632003F09BF9FF2003F098F9FF2003F0B5
:104C400095F9012003F092F9012003F08FF900207B
:104C500003F08CF9002003F089F9FF2003F086F9B6
:104C6000522003F083F9012003F080F9002003F0C3
:104C70007DF9402003F07AF9BD2003F083F901208B
:104C800003F074F9232003F071F9452003F06EF965
:104C9000672003F06BF9012003F068F9232003F08B
:104CA00065F9452003F062F9672003F05FF9BE2043
:104CB00003F068F9002003F059F9012003F056F9D8
:104CC000AB2003F053F9602003F050F9222003F0E9
:104CD0004DF9222003F04AF9222003F047F922205F
:104CE00003F044F9222003F041F9C72003F04AF908
:104CF000362003F03BF9ED2003F044F97F2003F068
:104D000035F90F2003F032F9C02003F03BF90F20F2
:104D100003F02CF90B2003F029F90A2003F026F9FF
:104D2000FC2003F02FF9082003F020F9DF2003F026
:104D300029F9002003F01AF9002003F017F90020E8
:104D400003F014F9002003F011F9002003F00EF92C
:104D5000202003F00BF9F32003F014F9742003F082
:104D600005F9B42003F00EF9002003F0FFF800204D
:104D700003F0FCF8002003F0F9F8F72003F002F943
:104D8000822003F0F3F8B12003F0FCF8002003F0D8
:104D9000EDF8132003F0EAF8132003F0E7F8F2200F
:104DA00003F0F0F8802003F0E1F8042003F0DEF8CF
:104DB000402003F0DBF8282003F0D8F8C12003F0EE
:104DC000E1F8172003F0D2F8882003F0CFF888200C
:104DD00003F0CCF8202003F0C9F8E02003F0D2F86B
:104DE000002003F0C3F80A2003F0C0F8122003F0FB
:104DF000BDF8102003F0BAF80E2003F0B7F8202019
:104E000003F0B4F8CC2003F0B1F8072003F0AEF8BB
:104E1000062003F0ABF80B2003F0A8F80E2003F0F7
:104E2000A5F80F2003F0A2F80D2003F09FF815203D
:104E300003F09CF8102003F099F8002003F096F896
:104E4000E12003F09FF8002003F090F80B2003F01E
:104E50008DF8132003F08AF80D2003F087F80E2058
:104E600003F084F81B2003F081F8712003F07EF832
:104E7000062003F07BF8062003F078F80A2003F000
:104E800075F80F2003F072F80E2003F06FF80F2072
:104E900003F06CF8152003F069F80C2003F066F8B5
:104EA000002003F063F82A2003F06CF8002003F0E0
:104EB0005DF8002003F05AF8012003F057F8DF20D6
:104EC00003F054F82B2003F05DF8002003F04EF8B7
:104ED000002003F04BF8032003F048F81F2003F0F4
:104EE00045F83A2003F04EF8552003F03FF83620FD
:104EF00003F048F8002003F039F8112003F042F8DD
:104F00007820FFF71FFB292003F03CF81420FFF75F
:104F100019FB2C2003F036F810BD10B5ED2003F07E
:104F200031F8012003F022F8FE2003F01FF8EE20F4
:104F300003F028F8DE2003F019F8212003F016F81A
:104F4000F12003F01FF8012003F010F8DF2003F038
:104F500019F8102003F00AF8C42003F013F88F208A
:104F600003F004F8C62003F00DF8002002F0FEFF65
:104F7000E22002F0FBFFE22002F0F8FFE22002F064
:104F8000F5FFBF2002F0FEFFAA2002F0EFFFB020E5
:104F900002F0F8FF0D2002F0E9FF002002F0E6FF2A
:104FA0000D2002F0E3FF002002F0E0FF112002F0EC
:104FB000DDFF002002F0DAFF192002F0D7FF002009
:104FC00002F0D4FF212002F0D1FF002002F0CEFF3A
:104FD0002D2002F0CBFF002002F0C8FF3D2002F0A0
:104FE000C5FF002002F0C2FF5D2002F0BFFF0020DD
:104FF00002F0BCFF5D2002F0B9FF002002F0B6FF16
:10500000B12002F0BFFF802002F0B0FF002002F0CC
:10501000ADFF8B2002F0AAFF002002F0A7FF962030
:1050200002F0A4FF002002F0A1FFB22002F0AAFFCC
:10503000002002F09BFF002002F098FF022002F007
:1050400095FF002002F092FF032002F08FFF002066
:1050500002F08CFFB32002F095FF002002F086FFE3
:10506000002002F083FF002002F080FF002002F009
:105070007DFF002002F07AFF002002F077FF002081
:1050800002F074FF002002F071FF002002F06EFFBA
:10509000002002F06BFF002002F068FF002002F009
:1050A00065FF002002F062FF002002F05FFF002099
:1050B00002F05CFF002002F059FF002002F056FFD2
:1050C000002002F053FF002002F050FF002002F009
:1050D0004DFF002002F04AFF002002F047FF0020B1
:1050E00002F044FF002002F041FFB42002F04AFF2A
:1050F0008B2002F03BFF002002F038FF962002F0E8
:1051000035FF002002F032FFA12002F02FFF002027
:1051100002F02CFFB52002F035FF022002F026FF3E
:10512000002002F023FF032002F020FF002002F005
:105130001DFF042002F01AFF002002F017FFB62026
:1051400002F020FF002002F011FF002002F00EFF0D
:10515000B72002F017FF002002F008FF002002F045
:1051600005FF3F2002F002FF002002F0FFFE5E205C
:1051700002F0FCFE002002F0F9FE642002F0F6FED0
:10518000002002F0F3FE8C2002F0F0FE002002F07E
:10519000EDFEAC2002F0EAFE002002F0E7FEDC208B
:1051A00002F0E4FE002002F0E1FE702002F0DEFEDC
:1051B000002002F0DBFE902002F0D8FE002002F07A
:1051C000D5FEEB2002F0D2FE002002F0CFFEDC2064
:1051D00002F0CCFE002002F0C9FEB82002F0D2FEA0
:1051E000002002F0C3FE002002F0C0FE002002F00A
:1051F000BDFE002002F0BAFE002002F0B7FE002043
:1052000002F0B4FE002002F0B1FE002002F0AEFE7B
:10521000BA2002F0B7FE242002F0A8FE002002F01F
:10522000A5FE002002F0A2FE002002F09FFEC12099
:1052300002F0A8FE202002F099FE002002F096FE67
:10524000542002F093FE002002F090FEFF2002F0B6
:105250008DFE002002F08AFEC22002F093FE0A209A
:1052600002F084FE002002F081FE042002F07EFEA7
:10527000002002F07BFEC32002F084FE3C2002F0FE
:1052800075FE002002F072FE3A2002F06FFE002050
:1052900002F06CFE392002F069FE002002F066FE8A
:1052A000372002F063FE002002F060FE3C2002F096
:1052B0005DFE002002F05AFE362002F057FE00206C
:1052C00002F054FE322002F051FE002002F04EFEA9
:1052D0002F2002F04BFE002002F048FE2C2002F0AE
:1052E00045FE002002F042FE292002F03FFE002091
:1052F00002F03CFE262002F039FE002002F036FECD
:10530000242002F033FE002002F030FE242002F0C0
:105310002DFE002002F02AFE232002F027FE0020AE
:1053200002F024FE3C2002F021FE002002F01EFECE
:10533000362002F01BFE002002F018FE322002F0A0
:1053400015FE002002F012FE2F2002F00FFE0020BA
:1053500002F00CFE2C2002F009FE002002F006FEF6
:10536000292002F003FE002002F000FE262002F0B9
:10537000FDFD002002F0FAFD242002F0F7FD0020E0
:1053800002F0F4FD242002F0F1FD002002F0EEFD19
:10539000232002F0EBFD002002F0E8FDC42002F023
:1053A000F1FD622002F0E2FD002002F0DFFD0520A9
:1053B00002F0DCFD002002F0D9FD842002F0D6FDD1
:1053C000002002F0D3FDF02002F0D0FD002002F01A
:1053D000CDFD182002F0CAFD002002F0C7FDA42078
:1053E00002F0C4FD002002F0C1FD182002F0BEFD55
:1053F000002002F0BBFD502002F0B8FD002002F0BA
:10540000B5FD0C2002F0B2FD002002F0AFFD172028
:1054100002F0ACFD002002F0A9FD952002F0A6FDEF
:10542000002002F0A3FDF32002F0A0FD002002F016
:105430009DFDE62002F09AFD002002F097FDC520B8
:1054400002F0A0FD322002F091FD002002F08EFD5E
:10545000442002F08BFD002002F088FD652002F060
:1054600085FD002002F082FD762002F07FFD002005
:1054700002F07CFD882002F079FD002002F076FD2C
:10548000C62002F07FFD202002F070FD002002F017
:105490006DFD172002F06AFD002002F067FD01207B
:1054A00002F064FD002002F061FDC72002F06AFDF9
:1054B000002002F05BFD002002F058FD002002F009
:1054C00055FD002002F052FDC82002F05BFD0020D7
:1054D00002F04CFD002002F049FD002002F046FDE4
:1054E000002002F043FDC92002F04CFD002002F034
:1054F0003DFD002002F03AFD002002F037FD0020C3
:1055000002F034FD002002F031FD002002F02EFDFB
:10551000002002F02BFD002002F028FD002002F008
:1055200025FD002002F022FD002002F01FFD0020DA
:1055300002F01CFD002002F019FD002002F016FD13
:10554000002002F013FD002002F010FDE02002F028
:1055500019FD162002F00AFD002002F007FD1C20B4
:1055600002F004FD002002F001FD212002F0FEFC0B
:10557000002002F0FBFC362002F0F8FC002002F0D4
:10558000F5FC462002F0F2FC002002F0EFFC522075
:1055900002F0ECFC002002F0E9FC642002F0E6FCE2
:1055A000002002F0E3FC7A2002F0E0FC002002F090
:1055B000DDFC8B2002F0DAFC002002F0D7FC992001
:1055C00002F0D4FC002002F0D1FCA82002F0CEFCB6
:1055D000002002F0CBFCB92002F0C8FC002002F051
:1055E000C5FCC42002F0C2FC002002F0BFFCCA20AF
:1055F00002F0BCFC002002F0B9FCD22002F0B6FCA4
:10560000002002F0B3FCD92002F0B0FC002002F030
:10561000ADFCE02002F0AAFC002002F0A7FCF32081
:1056200002F0A4FC002002F0A1FCE12002F0AAFCA0
:10563000162002F09BFC002002F098FC1C2002F0D7
:1056400095FC002002F092FC222002F08FFC00204A
:1056500002F08CFC362002F089FC002002F086FC6F
:10566000452002F083FC002002F080FC522002F072
:105670007DFC002002F07AFC642002F077FC002020
:1056800002F074FC7A2002F071FC002002F06EFC43
:105690008B2002F06BFC002002F068FC992002F0E5
:1056A00065FC002002F062FCA82002F05FFC0020F4
:1056B00002F05CFCB92002F059FC002002F056FC1C
:1056C000C42002F053FC002002F050FCCA2002F07B
:1056D0004DFC002002F04AFCD22002F047FC0020E2
:1056E00002F044FCD82002F041FC002002F03EFC15
:1056F000E02002F03BFC002002F038FCF32002F036
:1057000035FC002002F032FCE22002F03BFC0520D8
:1057100002F02CFC002002F029FC0B2002F026FCF9
:10572000002002F023FC1B2002F020FC002002F0ED
:105730001DFC342002F01AFC002002F017FC44206B
:1057400002F014FC002002F011FC4F2002F00EFCCD
:10575000002002F00BFC612002F008FC002002F0A7
:1057600005FC792002F002FC002002F0FFFB8820FB
:1057700002F0FCFB002002F0F9FB972002F0F6FBA0
:10578000002002F0F3FBA62002F0F0FB002002F064
:10579000EDFBB72002F0EAFB002002F0E7FBC2209D
:1057A00002F0E4FB002002F0E1FBC72002F0DEFB88
:1057B000002002F0DBFBD12002F0D8FB002002F039
:1057C000D5FBD62002F0D2FB002002F0CFFBDD207B
:1057D00002F0CCFB002002F0C9FBF32002F0C6FB74
:1057E000002002F0C3FBE32002F0CCFB052002F016
:1057F000BDFB002002F0BAFB0A2002F0B7FB00203C
:1058000002F0B4FB1C2002F0B1FB002002F0AEFB62
:10581000332002F0ABFB002002F0A8FB442002F092
:10582000A5FB002002F0A2FB502002F09FFB00200D
:1058300002F09CFB622002F099FB002002F096FB34
:10584000782002F093FB002002F090FB882002F009
:105850008DFB002002F08AFB972002F087FB0020DE
:1058600002F084FBA62002F081FB002002F07EFB08
:10587000B72002F07BFB002002F078FBC22002F090
:1058800075FB002002F072FBC72002F06FFB0020C6
:1058900002F06CFBD12002F069FB002002F066FBF5
:1058A000D52002F063FB002002F060FBDD2002F057
:1058B0005DFB002002F05AFBF32002F057FB0020B2
:1058C00002F054FBE42002F05DFB012002F04EFBED
:1058D000002002F04BFB012002F048FB002002F008
:1058E00045FB022002F042FB002002F03FFB2A2091
:1058F00002F03CFB002002F039FB3C2002F036FBBA
:10590000002002F033FB4B2002F030FB002002F0BD
:105910002DFB5D2002F02AFB002002F027FB742003
:1059200002F024FB002002F021FB842002F01EFB89
:10593000002002F01BFB932002F018FB002002F075
:1059400015FBA22002F012FB002002F00FFBB32097
:1059500002F00CFB002002F009FBBE2002F006FB67
:10596000002002F003FBC42002F000FB002002F044
:10597000FDFACD2002F0FAFA002002F0F7FAD32067
:1059800002F0F4FA002002F0F1FADD2002F0EEFA63
:10599000002002F0EBFAF32002F0E8FA002002F017
:1059A000E5FAE52002F0EEFA002002F0DFFA00202E
:1059B00002F0DCFA002002F0D9FA002002F0D6FA58
:1059C000022002F0D3FA002002F0D0FA292002F0DF
:1059D000CDFA002002F0CAFA3C2002F0C7FA0020FB
:1059E00002F0C4FA4B2002F0C1FA002002F0BEFA25
:1059F0005D2002F0BBFA002002F0B8FA742002F039
:105A0000B5FA002002F0B2FA842002F0AFFA0020CA
:105A100002F0ACFA932002F0A9FA002002F0A6FAF4
:105A2000A22002F0A3FA002002F0A0FAB32002F0B4
:105A30009DFA002002F09AFABE2002F097FA0020A8
:105A400002F094FAC42002F091FA002002F08EFADB
:105A5000CD2002F08BFA002002F088FAD32002F069
:105A600085FA002002F082FADC2002F07FFA0020A2
:105A700002F07CFAF32002F079FA002002F076FAC4
:105A8000E62002F07FFA112002F070FA002002F006
:105A90006DFA342002F06AFA002002F067FA56200C
:105AA00002F064FA002002F061FA762002F05EFA59
:105AB000002002F05BFA772002F058FA002002F092
:105AC00055FA662002F052FA002002F04FFA8820C0
:105AD00002F04CFA002002F049FA992002F046FA4E
:105AE000002002F043FABB2002F040FA002002F04E
:105AF0003DFA992002F03AFA002002F037FA6620C7
:105B000002F034FA002002F031FA552002F02EFAA9
:105B1000002002F02BFA552002F028FA002002F0B3
:105B200025FA452002F022FA002002F01FFA432055
:105B300002F01CFA002002F019FA442002F016FAD2
:105B4000002002F013FAE72002F01CFA322002F0E3
:105B50000DFA002002F00AFA552002F007FA0020A0
:105B600002F004FA762002F001FA002002F0FEF9B9
:105B7000662002F0FBF9002002F0F8F9672002F03D
:105B8000F5F9002002F0F2F9672002F0EFF90020A9
:105B900002F0ECF9872002F0E9F9002002F0E6F9C2
:105BA000992002F0E3F9002002F0E0F9BB2002F0B6
:105BB000DDF9002002F0DAF9992002F0D7F900208F
:105BC00002F0D4F9772002F0D1F9002002F0CEF9EA
:105BD000442002F0CBF9002002F0C8F9562002F070
:105BE000C5F9002002F0C2F9232002F0BFF900201D
:105BF00002F0BCF9332002F0B9F9002002F0B6F946
:105C0000452002F0B3F9002002F0B0F9E82002F0DC
:105C1000B9F9002002F0AAF9002002F0A7F99920B2
:105C200002F0A4F9002002F0A1F9872002F09EF909
:105C3000002002F09BF9882002F098F9002002F081
:105C400095F9772002F092F9002002F08FF9662092
:105C500002F08CF9002002F089F9882002F086F920
:105C6000002002F083F9AA2002F080F9002002F05F
:105C70007DF9BB2002F07AF9002002F077F9992033
:105C800002F074F9002002F071F9662002F06EF95A
:105C9000002002F06BF9552002F068F9002002F0B4
:105CA00065F9552002F062F9002002F05FF9442006
:105CB00002F05CF9002002F059F9442002F056F994
:105CC000002002F053F9552002F050F9002002F0B4
:105CD0004DF9E92002F056F9AA2002F047F9002018
:105CE00002F044F9002002F041F9002002F03EF9F0
:105CF000002002F047F9AA2002F038F9CF2002F084
:105D000041F9002002F032F9002002F02FF90020C2
:105D100002F02CF9002002F029F9002002F026F907
:105D2000002002F023F9002002F020F9002002F008
:105D30001DF9002002F01AF9002002F017F90020E6
:105D400002F014F9002002F011F9002002F00EF91F
:105D5000002002F00BF9002002F008F9002002F008
:105D600005F9002002F002F9F02002F00BF9002002
:105D700002F0FCF8502002F0F9F8002002F0F6F8EA
:105D8000002002F0F3F8002002F0F0F8F32002F017
:105D9000F9F8002002F0EAF8F92002F0F3F8062002
:105DA00002F0E4F8102002F0E1F8292002F0DEF819
:105DB000002002F0DBF83A2002F0E4F8552002F06F
:105DC000D5F8112002F0DEF86420FEF7BBFB292095
:105DD00002F0D8F8352002F0D5F8002002F0C6F81D
:105DE000512002F0CFF8FF2002F0C0F8532002F05B
:105DF000C9F82C2002F0BAF8552002F0C3F882202E
:105E000002F0B4F82C2002F0BDF810BD10B55521F9
:105E10004FF4704002F0CCF8AA214FF2010002F0DA
:105E2000C7F852214FF2020002F0C2F808214FF2E7
:105E3000030002F0BDF801214FF2040002F0B8F8AF
:105E400034214FF4364002F0B3F834214BF20160B4
:105E500002F0AEF834214BF2026002F0A9F80D21F5
:105E60004FF4304002F0A4F80D214BF2010002F093
:105E70009FF80D214BF2020002F09AF824214FF412
:105E8000374002F095F824214BF2017002F090F8AF
:105E900024214BF2027002F08BF80D214FF43140B7
:105EA00002F086F80D214BF2011002F081F80D216D
:105EB0004BF2021002F07CF824214FF4384002F03B
:105EC00077F824214BF6010002F072F824214BF6FA
:105ED000020002F06DF800214FF4324002F068F841
:105EE00024214FF4394002F063F824214BF60110CD
:105EF00002F05EF824214BF6021002F059F8052159
:105F00004FF4334002F054F805214BF2013002F017
:105F10004FF805214BF2023002F04AF834214FF4D9
:105F20003A4002F045F834214BF6012002F040F8E7
:105F300034214BF6022002F03BF80B214FF43540A0
:105F400002F036F80B214BF2015002F031F80B2130
:105F50004BF2025002F02CF800214FF43C4002F0CA
:105F600027F8A3214BF6014002F022F800214BF65E
:105F7000024002F01DF800214FF43D4002F018F8F5
:105F8000A3214BF6015002F013F800214BF602500A
:105F900002F00EF800214FF43E4002F009F83721DC
:105FA0004BF6016002F004F800214FF4514001F07B
:105FB000FFFF37214DF2011001F0FAFF00214DF2F1
:105FC000021001F0F5FF53214DF2031001F0F0FF34
:105FD00000214DF2041001F0EBFF79214DF2051084
:105FE00001F0E6FF00214DF2061001F0E1FF9721DC
:105FF0004DF2071001F0DCFF00214DF2081001F016
:10600000D7FFB1214DF2091001F0D2FF00214DF26E
:106010000A1001F0CDFFD5214DF20B1001F0C8FFA1
:1060200000214DF20C1001F0C3FFF4214DF20D10D0
:1060300001F0BEFF01214DF20E1001F0B9FF232146
:106040004DF20F1001F0B4FF01214DF2101001F0DC
:10605000AFFF49214DF2111001F0AAFF01214DF2CD
:10606000121001F0A5FF87214DF2131001F0A0FFDF
:1060700001214DF2141001F09BFFB6214DF21510D5
:1060800001F096FF02214DF2161001F091FF002160
:106090004DF2171001F08CFF02214DF2181001F0A3
:1060A00087FF3B214DF2191001F082FF02214DF2D2
:1060B0001A1001F07DFF3D214DF21B1001F078FF19
:1060C00002214DF21C1001F073FF75214DF21D10DD
:1060D00001F06EFF02214DF21E1001F069FFB121A7
:1060E0004DF21F1001F064FF02214DF2201001F06B
:1060F0005FFFD5214DF2211001F05AFF03214DF22F
:10610000221001F055FF09214DF2231001F050FF3C
:1061100003214DF2241001F04BFF28214DF22510F0
:1061200001F046FF03214DF2261001F041FF5221FC
:106130004DF2271001F03CFF03214DF2281001F031
:1061400037FF6B214DF2291001F032FF03214DF290
:106150002A1001F02DFF8D214DF22B1001F028FFA8
:1061600003214DF22C1001F023FFA2214DF22D103E
:1061700001F01EFF03214DF22E1001F019FFBB218B
:106180004DF22F1001F014FF03214DF2301001F0F9
:106190000FFFC1214DF2311001F00AFF03214DF232
:1061A000321001F005FFC1214DF2331001F000FF64
:1061B00000214FF4524001F0FBFE37214DF2012047
:1061C00001F0F6FE00214DF2022001F0F1FE532114
:1061D0004DF2032001F0ECFE00214DF2042001F00D
:1061E000E7FE79214DF2052001F0E2FE00214DF29B
:1061F000062001F0DDFE97214DF2072001F0D8FEC8
:1062000000214DF2082001F0D3FEB1214DF209200A
:1062100001F0CEFE00214DF20A2001F0C9FED52189
:106220004DF20B2001F0C4FE00214DF20C2001F0D4
:10623000BFFEF4214DF20D2001F0BAFE01214DF216
:106240000E2001F0B5FE23214DF20F2001F0B0FE2B
:1062500001214DF2102001F0ABFE49214DF2112039
:1062600001F0A6FE01214DF2122001F0A1FE8721CE
:106270004DF2132001F09CFE01214DF2142001F09B
:1062800097FEB6214DF2152001F092FE02214DF24B
:10629000162001F08DFE00214DF2172001F088FE3E
:1062A00002214DF2182001F083FE3B214DF219200E
:1062B00001F07EFE02214DF21A2001F079FE3D210F
:1062C0004DF21B2001F074FE02214DF21C2001F062
:1062D0006FFE75214DF21D2001F06AFE02214DF284
:1062E0001E2001F065FEB1214DF21F2001F060FE7D
:1062F00002214DF2202001F05BFED5214DF221203C
:1063000001F056FE03214DF2222001F051FE092139
:106310004DF2232001F04CFE03214DF2242001F028
:1063200047FE28214DF2252001F042FE03214DF2C7
:10633000262001F03DFE52214DF2272001F038FECB
:1063400003214DF2282001F033FE6B214DF229206C
:1063500001F02EFE03214DF22A2001F029FE8D21AD
:106360004DF22B2001F024FE03214DF22C2001F0F0
:106370001FFEA2214DF22D2001F01AFE03214DF245
:106380002E2001F015FEBB214DF22F2001F010FE52
:1063900003214DF2302001F00BFEC1214DF23120DE
:1063A00001F006FE03214DF2322001F001FEC12171
:1063B0004DF2332001F0FCFD00214FF4534001F079
:1063C000F7FD37214DF2013001F0F2FD00214DF2D1
:1063D000023001F0EDFD53214DF2033001F0E8FDF4
:1063E00000214DF2043001F0E3FD79214DF205303A
:1063F00001F0DEFD00214DF2063001F0D9FD9721BC
:106400004DF2073001F0D4FD00214DF2083001F0CB
:10641000CFFDB1214DF2093001F0CAFD00214DF24E
:106420000A3001F0C5FDD5214DF20B3001F0C0FD61
:1064300000214DF20C3001F0BBFDF4214DF20D3086
:1064400001F0B6FD01214DF20E3001F0B1FD232126
:106450004DF20F3001F0ACFD01214DF2103001F092
:10646000A7FD49214DF2113001F0A2FD01214DF2AD
:10647000123001F09DFD87214DF2133001F098FD9F
:1064800001214DF2143001F093FDB6214DF215308B
:1064900001F08EFD02214DF2163001F089FD002140
:1064A0004DF2173001F084FD02214DF2183001F059
:1064B0007FFD3B214DF2193001F07AFD02214DF2B2
:1064C0001A3001F075FD3D214DF21B3001F070FDD9
:1064D00002214DF21C3001F06BFD75214DF21D3093
:1064E00001F066FD02214DF21E3001F061FDB12187
:1064F0004DF21F3001F05CFD02214DF2203001F021
:1065000057FDD5214DF2213001F052FD03214DF20E
:10651000223001F04DFD09214DF2233001F048FDFC
:1065200003214DF2243001F043FD28214DF22530A6
:1065300001F03EFD03214DF2263001F039FD5221DC
:106540004DF2273001F034FD03214DF2283001F0E7
:106550002FFD6B214DF2293001F02AFD03214DF270
:106560002A3001F025FD8D214DF22B3001F020FD68
:1065700003214DF22C3001F01BFDA2214DF22D30F4
:1065800001F016FD03214DF22E3001F011FDBB216B
:106590004DF22F3001F00CFD03214DF2303001F0AF
:1065A00007FDC1214DF2313001F002FD03214DF212
:1065B000323001F0FDFCC1214DF2333001F0F8FC26
:1065C00000214FF4544001F0F3FC37214DF201401B
:1065D00001F0EEFC00214DF2024001F0E9FC5321F4
:1065E0004DF2034001F0E4FC00214DF2044001F0C3
:1065F000DFFC79214DF2054001F0DAFC00214DF27B
:10660000064001F0D5FC97214DF2074001F0D0FC87
:1066100000214DF2084001F0CBFCB1214DF20940C0
:1066200001F0C6FC00214DF20A4001F0C1FCD52169
:106630004DF20B4001F0BCFC00214DF20C4001F08A
:10664000B7FCF4214DF20D4001F0B2FC01214DF2F6
:106650000E4001F0ADFC23214DF20F4001F0A8FCEB
:1066600001214DF2104001F0A3FC49214DF21140EF
:1066700001F09EFC01214DF2124001F099FC8721AE
:106680004DF2134001F094FC01214DF2144001F051
:106690008FFCB6214DF2154001F08AFC02214DF22B
:1066A000164001F085FC00214DF2174001F080FCFE
:1066B00002214DF2184001F07BFC3B214DF21940C4
:1066C00001F076FC02214DF21A4001F071FC3D21EF
:1066D0004DF21B4001F06CFC02214DF21C4001F018
:1066E00067FC75214DF21D4001F062FC02214DF264
:1066F0001E4001F05DFCB1214DF21F4001F058FC3D
:1067000002214DF2204001F053FCD5214DF22140F1
:1067100001F04EFC03214DF2224001F049FC092119
:106720004DF2234001F044FC03214DF2244001F0DE
:106730003FFC28214DF2254001F03AFC03214DF2A7
:10674000264001F035FC52214DF2274001F030FC8B
:1067500003214DF2284001F02BFC6B214DF2294022
:1067600001F026FC03214DF22A4001F021FC8D218D
:106770004DF22B4001F01CFC03214DF22C4001F0A6
:1067800017FCA2214DF22D4001F012FC03214DF225
:106790002E4001F00DFCBB214DF22F4001F008FC12
:1067A00003214DF2304001F003FCC1214DF2314094
:1067B00001F0FEFB03214DF2324001F0F9FBC12153
:1067C0004DF2334001F0F4FB00214FF4554001F04D
:1067D000EFFB37214DF2015001F0EAFB00214DF2B1
:1067E000025001F0E5FB53214DF2035001F0E0FBB4
:1067F00000214DF2045001F0DBFB79214DF20550F0
:1068000001F0D6FB00214DF2065001F0D1FB97219B
:106810004DF2075001F0CCFB00214DF2085001F081
:10682000C7FBB1214DF2095001F0C2FB00214DF22E
:106830000A5001F0BDFBD5214DF20B5001F0B8FB21
:1068400000214DF20C5001F0B3FBF4214DF20D503C
:1068500001F0AEFB01214DF20E5001F0A9FB232106
:106860004DF20F5001F0A4FB01214DF2105001F048
:106870009FFB49214DF2115001F09AFB01214DF28D
:10688000125001F095FB87214DF2135001F090FB5F
:1068900001214DF2145001F08BFBB6214DF2155041
:1068A00001F086FB02214DF2165001F081FB002120
:1068B0004DF2175001F07CFB02214DF2185001F00F
:1068C00077FB3B214DF2195001F072FB02214DF292
:1068D0001A5001F06DFB3D214DF21B5001F068FB99
:1068E00002214DF21C5001F063FB75214DF21D5049
:1068F00001F05EFB02214DF21E5001F059FBB12167
:106900004DF21F5001F054FB02214DF2205001F0D6
:106910004FFBD5214DF2215001F04AFB03214DF2EE
:10692000225001F045FB09214DF2235001F040FBBC
:1069300003214DF2245001F03BFB28214DF225505C
:1069400001F036FB03214DF2265001F031FB5221BC
:106950004DF2275001F02CFB03214DF2285001F09D
:1069600027FB6B214DF2295001F022FB03214DF250
:106970002A5001F01DFB8D214DF22B5001F018FB28
:1069800003214DF22C5001F013FBA2214DF22D50AA
:1069900001F00EFB03214DF22E5001F009FBBB214B
:1069A0004DF22F5001F004FB03214DF2305001F065
:1069B000FFFAC1214DF2315001F0FAFA03214DF2F4
:1069C000325001F0F5FAC1214DF2335001F0F0FAE6
:1069D00000214FF4564001F0EBFA37214DF20160EF
:1069E00001F0E6FA00214DF2026001F0E1FA5321D4
:1069F0004DF2036001F0DCFA00214DF2046001F079
:106A0000D7FA79214DF2056001F0D2FA00214DF25A
:106A1000066001F0CDFA97214DF2076001F0C8FA47
:106A200000214DF2086001F0C3FAB1214DF2096076
:106A300001F0BEFA00214DF20A6001F0B9FAD52149
:106A40004DF20B6001F0B4FA00214DF20C6001F040
:106A5000AFFAF4214DF20D6001F0AAFA01214DF2D6
:106A60000E6001F0A5FA23214DF20F6001F0A0FAAB
:106A700001214DF2106001F09BFA49214DF21160A5
:106A800001F096FA01214DF2126001F091FA87218E
:106A90004DF2136001F08CFA01214DF2146001F007
:106AA00087FAB6214DF2156001F082FA02214DF20B
:106AB000166001F07DFA00214DF2176001F078FABE
:106AC00002214DF2186001F073FA3B214DF219607A
:106AD00001F06EFA02214DF21A6001F069FA3D21CF
:106AE0004DF21B6001F064FA02214DF21C6001F0CE
:106AF0005FFA75214DF21D6001F05AFA02214DF244
:106B00001E6001F055FAB1214DF21F6001F050FAFC
:106B100002214DF2206001F04BFAD5214DF22160A7
:106B200001F046FA03214DF2226001F041FA0921F9
:106B30004DF2236001F03CFA03214DF2246001F094
:106B400037FA28214DF2256001F032FA03214DF287
:106B5000266001F02DFA52214DF2276001F028FA4B
:106B600003214DF2286001F023FA6B214DF22960D8
:106B700001F01EFA03214DF22A6001F019FA8D216D
:106B80004DF22B6001F014FA03214DF22C6001F05C
:106B90000FFAA2214DF22D6001F00AFA03214DF205
:106BA0002E6001F005FABB214DF22F6001F000FAD2
:106BB00003214DF2306001F0FBF9C1214DF231604B
:106BC00001F0F6F903214DF2326001F0F1F9C12133
:106BD0004DF2336001F0ECF955214FF4704001F0B3
:106BE000E7F9AA214FF2010001F0E2F952214FF238
:106BF000020001F0DDF908214FF2030001F0D8F99D
:106C000000214FF2040001F0D3F900214FF430408D
:106C100001F0CEF905214BF2010001F0C9F9022182
:106C20004BF2020001F0C4F905214BF2030001F020
:106C3000BFF902214BF2040001F0BAF908214FF428
:106C4000364001F0B5F950214FF4354001F0B0F96C
:106C500005214FF4364001F0ABF900214FF43740E5
:106C600001F0A6F900214BF2017001F0A1F9012118
:106C70004FF4384001F09CF905214BF6010001F07A
:106C800097F905214BF6020001F092F905214BF628
:106C9000030001F08DF902214FF43C4001F088F926
:106CA00000214BF6014001F083F900214BF6024030
:106CB00001F07EF903214FF44C4001F079F90021F5
:106CC0004CF6014001F074F900214CF6024001F04D
:106CD0006FF901214FF43D4001F06AF984214BF630
:106CE000015001F065F907214BF6025001F060F9FF
:106CF00031214BF6035001F05BF900214BF60450B3
:106D000001F056F901214FF43A4001F051F9AA215E
:106D10004FF47F4001F04CF955214FF6017001F01E
:106D200047F925214FF6027001F042F901214FF693
:106D3000037001F03DF940214FF4585001F038F94B
:106D400000214FF4545001F033F905214FF46850FD
:106D500001F02EF94FF4885001F014F97820FDF776
:106D6000F1FB4FF4245001F00DF90A20FDF7EAFB86
:106D70004FF4305001F006F910BD10B5E22001F0DB
:106D800001F91D2001F0F2F8022001F0EFF80420D3
:106D900001F0ECF86420FDF7DFFBE02001F0F2F8F1
:106DA000012001F0E3F80A20FDF7CCFBE02001F020
:106DB000E9F8032001F0DAF80C20FDF7C3FB01200D
:106DC00001F0E0F80A20FDF7BDFBE62001F0DAF85B
:106DD0002F2001F0CBF8FF2001F0C8F8FF2001F0D0
:106DE000C5F8B02001F0CEF8202001F0BFF8002057
:106DF00001F0BCF8032001F0B9F840F21F3001F0B7
:106E0000B5F8012001F0B2F840F2DF1001F0AEF861
:106E1000002001F0ABF8B42001F0B4F8042001F038
:106E2000A5F840F21F4001F0A1F8002001F09EF803
:106E30002E2001F09BF8002001F098F8002001F0CE
:106E400095F8002001F092F8002001F08FF8B620AC
:106E500001F098F8022001F089F84FF4037001F076
:106E600085F8002001F082F8172001F07FF8152046
:106E700001F07CF8002001F079F8002001F076F8AC
:106E8000F02001F07FF8032001F070F8292001F0D4
:106E900079F8D02001F076F8002001F067F8BE20E4
:106EA00001F070F8052001F061F8FE2001F05EF8B5
:106EB000012001F05BF8002001F058F8002001F0FB
:106EC00055F8002001F052F8B82001F05BF80320DB
:106ED00001F04CF8012001F049F8BA2001F052F815
:106EE000012001F043F810BD10B5112001F04AF85F
:106EF0007820FDF727FB362001F044F8002001F050
:106F000035F83A2001F03EF8052001F02FF8B220C4
:106F100001F038F80C2001F029F80C2001F026F8D7
:106F2000002001F023F8332001F020F8332001F095
:106F30001DF8B72001F026F8352001F017F8BB2026
:106F400001F020F8322001F011F8C02001F01AF809
:106F50000C2001F00BF8C22001F014F8012001F020
:106F600005F8C32001F00EF8102000F0FFFFC42048
:106F700001F008F8202000F0F9FFC62001F002F827
:106F80000F2000F0F3FFD02000F0FCFFA42000F061
:106F9000EDFFA12000F0EAFFE02000F0F3FFD02099
:106FA00000F0E4FF002000F0E1FF022000F0DEFF2F
:106FB000072000F0DBFF0A2000F0D8FF282000F0B7
:106FC000D5FF322000F0D2FF442000F0CFFF422056
:106FD00000F0CCFF062000F0C9FF0E2000F0C6FF35
:106FE000122000F0C3FF142000F0C0FF172000F0B3
:106FF000BDFFE12000F0C6FFD02000F0B7FF002069
:1070000000F0B4FF022000F0B1FF072000F0AEFF57
:107010000A2000F0ABFF282000F0A8FF312000F08C
:10702000A5FF542000F0A2FF472000F09FFF0E2094
:1070300000F09CFF1C2000F099FF172000F096FF45
:107040001B2000F093FF1E2000F090FF2A2000F08C
:1070500099FF002000F08AFF002000F087FF002049
:1070600000F084FFEF2000F081FF2B2000F08AFF6A
:10707000002000F07BFF002000F078FF012000F0EE
:1070800075FF3F2000F072FF292000F07BFF10BD4C
:1070900010B5112000F076FF7820FDF753FA362066
:1070A00000F070FF482000F061FF3A2000F06AFF16
:1070B000552000F05BFFF02000F064FFC32000F0DB
:1070C00055FFF02000F05EFF962000F04FFFB42047
:1070D00000F058FF012000F049FFB62000F052FFF9
:1070E0000A2000F043FFA22000F040FFB72000F08C
:1070F00049FFC62000F03AFFB92000F043FF02200C
:1071000000F034FFE02000F031FFC02000F03AFF33
:10711000802000F02BFF162000F028FFC12000F097
:1071200031FF192000F022FFC22000F02BFFA72022
:1071300000F01CFFC52000F025FF162000F016FF10
:10714000E82000F01FFF402000F010FF8A2000F030
:107150000DFF002000F00AFF002000F007FF2920AB
:1071600000F004FF192000F001FFA52000F0FEFE52
:10717000332000F0FBFEE02000F004FFF02000F0E0
:10718000F5FE072000F0F2FE0D2000F0EFFE0420D7
:1071900000F0ECFE052000F0E9FE142000F0E6FE11
:1071A000362000F0E3FE542000F0E0FE4C2000F01A
:1071B000DDFE382000F0DAFE132000F0D7FE1420A8
:1071C00000F0D4FE2E2000F0D1FE342000F0CEFEE0
:1071D000E12000F0D7FEF02000F0C8FE102000F003
:1071E000C5FE142000F0C2FE0E2000F0BFFE0C20F1
:1071F00000F0BCFE082000F0B9FE352000F0B6FE1D
:10720000442000F0B3FE4C2000F0B0FE262000F039
:10721000ADFE102000F0AAFE122000F0A7FE2C20E8
:1072200000F0A4FE322000F0A1FEF02000F0AAFE43
:107230003C2000F09BFEF02000F0A4FE692000F04E
:1072400095FE7820FDF77EF9212000F09BFE292095
:1072500000F098FE10BD00002DE9F04F05460E46E7
:1072600017469846DDF824A04FF0000B781B401C11
:107270001FFA80FB344613E02146284600F032FC1A
:1072800000F08CFE4FF0000906E00749A1F800A0CD
:1072900009F101001FFA80F9D945F6DB601C84B2C0
:1072A0004445E9DDBDE8F08F8000006C00B595B085
:1072B00000BF00BF00200190F848006840F0400087
:1072C000F64908600846006800F04000019000BFE1
:1072D00000BF00BF00BF00BF00200190084600684B
:1072E00040F0080008600846006800F008000190BF
:1072F00000BF00BF00BF00BF00BF002001900846D4
:10730000006840F0080008600846006800F00800C7
:10731000019000BF00BF00BF00BF00BF0020019070
:107320000846006840F0200008600846006800F049
:107330002000019000BF00BF00BF00BF00BF0020C1
:1073400001900846006840F00200086008460068A6
:1073500000F00200019000BF00BF00BF8814109031
:107360000220119001201290022013900C20149002
:1073700010A9CB48FBF776F82020109010A9C94837
:10738000FBF770F81020109010A9C648FBF76AF8B8
:107390004FF48050109010A9C348FBF763F84FF4E6
:1073A000004010900120119010A9C048FBF75AF836
:1073B0004FF02040BE490860BE4848600620886003
:1073C0000021BB48C1601021416100218161C16180
:1073D00041624FF4805181620021C1624FF48041CB
:1073E00001630021416381630F20099000200A900E
:1073F0003C200B9000200F90092002900020039069
:10740000092004900020089002AA09A9A848FBF7C7
:10741000F4FE3220FDF796F8D32000F0B3FD00F023
:10742000EBF9A549888000F0E7F9A349888000F0CE
:10743000E3F9A1498880084680884FF6FF7101EA88
:1074400000209D49888000F0D7F99B49898808432E
:10745000994988800846808849F2413188427CD029
:10746000042000F08FFD00F0C7F99349888000F0F8
:10747000C3F99149888000F0BFF98F498880084698
:1074800080884FF6FF7101EA00208B49888000F068
:10749000B3F98949898808438749888008468088E4
:1074A00048F25251884203D147F28970824988805C
:1074B0008148808847F289718842D0D0D42000F07A
:1074C00061FD00F099F97C49888000F095F97A49CE
:1074D000888000F091F978498880084680884FF6C6
:1074E000FF7101EA00207449888000F085F9724933
:1074F00089880843704988800846808845F21031A1
:107500008842ACD0D32000F03DFD00F075F96A4907
:10751000888000F071F96849888000F06DF966494B
:107520008880084680884FF6FF7101EA0020624992
:10753000888000F061F96049898808435E49888045
:107540000846808847F29671884288D055214FF4CA
:10755000704000F02DFDAA2100E07EE04FF2010016
:1075600000F026FD52214FF2020000F021FD08211B
:107570004FF2030000F01CFD01214FF2040000F067
:1075800017FD4FF4454000F0FDFC00F035F94A4985
:107590008880084680884FF6FF7101EA002046493E
:1075A00088804CF2015000F0EDFC00F025F94249D2
:1075B00089880843404988800520FCF7C3FF3E487E
:1075C000808845F21051884247D0D32000F0DAFC81
:1075D00000F012F93849888000F00EF936498880A9
:1075E00000F00AF934498880084680884FF6FF7118
:1075F00001EA00203049888000F0FEF82E49898891
:1076000008432D4988800846808849F6060188424B
:1076100023D0A12000F0B6FC00F0EEF826498880C7
:1076200000F0EAF824498880084680884FF6FF7108
:1076300001EA00202049888000F0DEF81E49898890
:1076400008431D4988800846808845F26171884258
:1076500003D141F66310184988801748818817A024
:10766000F8F7C2FE1448808847F28971884202D137
:10767000FFF73AFC4EE01048808849F241318842D9
:1076800002D1FDF794F945E00B48808845F21031AE
:10769000884219D1FDF741FC3CE00000303802403F
:1076A00000180240000C0240001402400004024096
:1076B000E4020020040100A0340300204C434420D5
:1076C00049443A25780D0A003F48808847F2967170
:1076D000884202D1FFF7DCFC1CE03B48808845F281
:1076E0001051884202D1FEF791FB13E036488088A2
:1076F00049F60601884202D1FDF76FFA0AE03248E6
:10770000808841F66311884204D1FFF736FB64207C
:1077100000F0FCFB2C48808847F2897188420AD12E
:1077200003200290049029490B6B8A68486802A9DB
:10773000FAF7BAFD38E02448808849F60601884205
:107740000BD02148808849F24131884205D01E483B
:10775000808845F2105188420AD10220029004909C
:107760001A490B6B8A68486802A9FAF79DFD1BE06D
:107770001548808845F2103188420BD01248808825
:1077800047F29671884205D00F48808841F6631110
:10779000884209D10120029004900C490B6B8A6841
:1077A000486802A9FAF780FD0020FCF769FF00BFD6
:1077B0000122D1030648FAF769FF00BF4FF6FF70B8
:1077C000FCF744FF15B000BD34030020E4020020A4
:1077D0000004024000BF011EA0F10100FBD1704770
:1077E00010B50246012000E050430B1EA1F1010438
:1077F000E1B2F9D110BD000008B50220FFF7EAFFA1
:10780000024800880090BDF8000008BD8000006CB0
:107810002DE9F04105460E4600240027A0462148E8
:107820000088A84203DD1F484088B04202DC0020E7
:10783000BDE8F0813146284600F054F919488088A7
:1078400045F21051884204D14FF4385000F09AFBB1
:1078500002E02E2000F096FBFFF7CEFF0446114811
:10786000808841F66311884201D12046E0E7FFF7A6
:10787000C3FF04460B48808847F29671884201D1C5
:107880002046D5E7FFF7B8FF8046E7B24FF6FF7016
:1078900000EA0727E012C002B91240EA411040EAAC
:1078A000E820C5E734030020F0B505460024002792
:1078B0008B488079012805D18948808841F6631179
:1078C000884208D186488079F0B98548808841F699
:1078D0006311884218D1082D15D2DFE805F004069F
:1078E000080A0C0E101206250DE007250BE00425F2
:1078F00009E0052507E0012505E0002503E0032553
:1079000001E0022500BF00BF082D1CD2DFE805F012
:107910000406090C0F12151800BF14E044F080048F
:1079200011E044F040040EE044F0C0040BE044F0E9
:10793000200408E044F0600405E044F0A00402E004
:1079400044F0E00400BF00BF36276548808845F258
:107950001051884200D13F026148808849F241318C
:1079600088420BD05E48808847F28971884205D0F2
:107970005B48808847F29671884201D144F0080440
:107980002146384600F014FB5548808841F66311C3
:1079900088421DD004F0200068B151480088504949
:1079A0004988884214DA4E48068840884C49088045
:1079B000084646800CE04A48008849494988884280
:1079C00006DD4748068840884549088008464680C5
:1079D0004348808845F21051884252D14049488935
:1079E00000F0D0FA002000F0C1FA3D494989491C55
:1079F00088B200F0C7FA002000F0B8FA3849498987
:107A0000891C88B200F0BEFA35490988491EC1F3C5
:107A10000F2000F0ABFA32494989C91C88B200F046
:107A2000B1FA2F490978491EC8B200F09FFA2C49D3
:107A3000888900F0A7FA002000F098FA284989897F
:107A4000491C88B200F09EFA002000F08FFA244909
:107A50008989891C88B200F095FA21494988491E14
:107A6000C1F30F2000F082FA1D498989C91C88B230
:107A700000F088FA1A498978491EC8B200F076FAEF
:107A80002DE01749488900F07DFA002000F06EFAD9
:107A9000002000F06BFA12490988491EC1F30F203B
:107AA00000F064FA0E490978491EC8B200F05EFA87
:107AB0000B49888900F066FA002000F057FA002090
:107AC00000F054FA06494988491EC1F30F2000F01E
:107AD0004DFA03498978491EC8B200F047FAF0BD53
:107AE0003403002010B502460C464548808841F614
:107AF0006311884247D142488079A8B9404800883C
:107B0000401E801A82B23E49488900F03BFA0020AC
:107B100000F02CFA002000F029FA101200F026FAEA
:107B2000D0B200F023FA16E03549488900F02AFA6D
:107B3000101200F01BFAD0B200F018FA3049098890
:107B4000491EC1F30F2000F011FA2D490978491E92
:107B5000C8B200F00BFA2A49888900F013FA201203
:107B600000F004FAE0B200F001FA25494988491E04
:107B7000C1F30F2000F0FAF921498978491EC8B2F3
:107B800000F0F4F93AE01E48808845F2105188422E
:107B900020D11B49488900F0F5F9101200F0E6F9F0
:107BA00017494989491C88B200F0ECF9D0B200F0BD
:107BB000DDF91349888900F0E5F9201200F0D6F9C3
:107BC0000F498989491C88B200F0DCF9E0B200F065
:107BD000CDF913E00A49488900F0D4F9101200F0F9
:107BE000C5F9D0B200F0C2F90549888900F0CAF998
:107BF000201200F0BBF9E0B200F0B8F910BD0000AF
:107C0000340300202DE9FC4F80460E4615461C46E5
:107C1000B3460020019000902046E31704EB537315
:107C2000DB1021464FEAE47C04EB5C7C4FEAEC0C71
:107C3000A4EBCC0CBCF1000F02D04FF0010C01E022
:107C40004FF0000C6344224604EBD27C4FEA6C0CEC
:107C500003FB0CF3DBB20193A5F12000C5B20C2CA1
:107C600006D0102C0BD0182C0ED0202C18D112E0DE
:107C700005EB45002D4901EB8000009012E02C48F7
:107C800000EB051000900DE005EBC500294901EB64
:107C90008000009006E0284800EB8510009001E08D
:107CA000BDE8FC8F00BF00273AE0009810F807906D
:107CB0004FF0000A2EE009F0800028B1314640461E
:107CC0000C9AFCF73FFE07E00B9828B91B48314699
:107CD00002684046FCF736FE4FEA49604FEA1069F9
:107CE000701C86B216484088B04200DCD8E7A6EB8C
:107CF0000B00A0420AD15E4608F101001FFA80F88D
:107D00000F480088404500DCCAE706E00AF10100A0
:107D100000F0FF0ABAF1080FCDDB00BF781CC7B234
:107D200001988742C1DB00BFBAE7000029A0000824
:107D30009DA400088DAA0008E9B7000830000020C3
:107D4000340300202DE9FF4F83B0074691461E46BD
:107D5000DDE9105A0020029000243AE0301B401E5A
:107D6000C1B20A20FFF73CFDB9FBF0F00A21B0FBDD
:107D7000F1F201FB12080298B8B9701EA04214DD9E
:107D8000B8F1000F0FD10020AB4605EBDB714910B5
:107D900001FB0471CDE9000A88B22B462022049928
:107DA000FFF730FF13E0012002900020AB4605EB07
:107DB000DB71491001FB0471CDE9000A88B208F1BA
:107DC0003001CAB22B460499FFF71CFF00BF601CAC
:107DD000C4B2B442C2DB07B0BDE8F08F2DE9FC4F5E
:107DE00004460D4690469946DDE90C7A0B9E04F058
:107DF000FF0B08EB04001FFA80F809EB05001FFADF
:107E000080F917E0444502DB5C46A81985B24D4570
:107E100000DB15E00020CDE9000A3A783346294618
:107E20002046FFF7EFFE304606EBD07104EB610110
:107E30008CB27F1C38787E2802DC38782028E1DA82
:107E400000BFBDE8FC8F2DE9FF4F85B00646934685
:107E50001F46DDE91389129C00200490002550E0A4
:107E6000781B401EC1B20A20FFF7BAFCBBFBF0F042
:107E70000A21B0FBF1F201FB120A049860BB781EE4
:107E8000A84229DDBAF1000F24D108F0800080B1AA
:107E900008F0010004EBD471491001FB0561CDE944
:107EA0000009039488B2234630220699FFF7AAFE00
:107EB0000FE008F0010004EBD471491001FB0561EB
:107EC000CDE90009039488B2234620220699FFF7E2
:107ED00099FE14E00120049008F0010004EBD47135
:107EE000491001FB0561CDE90009039488B20AF14C
:107EF0003001CAB223460699FFF784FE00BF681C12
:107F0000C5B2BD42ACDB09B0BDE8F08F70B52DED58
:107F1000048B0446BE2000F035F8052000F026F85A
:107F2000204601F0E8FD41EC190B9FED0E0B53ECE0
:107F3000102B01F02FFE41EC180B01F0AFFD85B2C4
:107F4000284600F013F8012000F010F8FF2000F0A0
:107F50000DF8002000F00AF8002000F007F8BDEC52
:107F6000048B70BD666666666666044001B5BDF842
:107F700000000090BDF800000149088008BD000025
:107F80008000006C01B5BDF800000090BDF8000055
:107F90000149088008BD00007E00006C024800898D
:107FA0000249088070470000340300207E00006C06
:107FB000034A10804FF0D842A2F8801070470000AA
:107FC0007E00006C00B587B000BF00BF00200190AC
:107FD0002048006840F020001E49086008460068FC
:107FE00000F02000019000BF00BF00BF00BF00BF35
:107FF000002001900846006840F020000860084614
:10800000006800F02000019000BF00BF00BF4815CD
:1080100002900120039004900220059002A90E48CE
:10802000FAF720FA4FF48060029002A90A48FAF7A2
:1080300019FA00BF012251020748FAF727FB00BFD7
:1080400000BF012291020448FAF720FB00BF07B0ED
:1080500000BD000030380240001402402DED048BBA
:1080600084B0FAF731FB0723022208214FF4A870ED
:1080700000F0F6FAA820FCF75FFA4FF4E13000F0C8
:108080005DFBFFF79FFFFFF711F9FBF713FCAFA0B4
:10809000F8F7AAF94FF47840B7A110221346CDE9BA
:1080A00000210290C82232211E20FFF797FE1F20D8
:1080B000B6A110221346CDE900210290C82250211A
:1080C0001E20FFF78BFE00243FE1B448008800F437
:1080D0000040002834D0B14805780020B049485508
:1080E0000846FCF769F9B0EE409AF0EE609A51EC60
:1080F000190B01F051FC08EE100A9FEDAA0AB4EE2C
:10810000C08AF1EE10FA14DD9FEDA70AB4EEC08A22
:10811000F1EE10FA0DD2A54880ED008A006801F05A
:108120006DFE41EC190B53EC192BA1A0F8F75CF98B
:1081300002E0A4A0F8F758F900209849088000BF91
:10814000FBF7EAFB0446002C7DD0FF2CFCD0214637
:10815000A3A0F8F749F900BF4FF40071A448FAF75B
:108160008BFA00BFF42C35D1A2480078D0B9012099
:10817000A0490870A048007820F00400001D9E4926
:1081800008709EA0F8F730F94FF47840A0A11022B3
:108190001346CDE900210290C82250211E20FFF78E
:1081A0001DFE17E00020934908709348007820F0E6
:1081B0000400914908709AA0F8F716F91F209DA1B4
:1081C00010221346CDE900210290C82250211E2022
:1081D000FFF704FE8748007801283ED1F52C08D12E
:1081E000984890ED000AF6EE000A30EE200A80ED85
:1081F000000AF62C08D1934890ED000AF6EE000A2A
:1082000030EE600A80ED000A8E4890ED000AF3EE31
:108210000E0AB4EEE00AF1EE10FA03DDB3EE0E0A38
:1082200080ED000A874890ED000AFBEE0E0AB4EEDE
:10823000E00AF1EE10FA03D2BBEE0E0A80ED000A5E
:108240008048006800E02AE001F0D8FD41EC180BFE
:1082500053EC182B7CA0F8F7C7F8F72C1CD10020A2
:10826000644908706448007820F00400624908708E
:10827000B9EE040A734880ED000A77A0F8F7B4F865
:108280001F2080A110221346CDE900210290C822B0
:1082900050211E20FFF7A2FDC820FCF753F95548D6
:1082A0000078A0BB414890ED000A6648D0ED000A76
:1082B000B4EEE00AF1EE10FA12DD4F48007820F03B
:1082C000800080304C4908700846007820F010008B
:1082D000103008700846007820F00800087010E0A0
:1082E0004548007820F0800043490870084600782F
:1082F00020F0100008700846007820F008000830D0
:1083000008702A4890ED000AFBF73AFB1AE0FFE7F5
:1083100061480078401C60490870084600780A28C7
:1083200001DD002008705C480078062805DA454821
:1083300090ED000AFBF724FB04E0424890ED000AB0
:10834000FBF71EFB3220FCF7FDF8BEE65379737491
:10835000656D2052656164792E2057616974696E7C
:108360006720666F722054656D7020446174612EC1
:108370002E2E0D0A00000000546865726D6F737434
:1083800061742053797374656D0000004D6F6465EE
:108390003A204D4F4E49544F520000001C0000201F
:1083A000D8010020000048C20000C84200000020A0
:1083B0003E3E205570646174653A20252E3166205A
:1083C000430D0A003E3E204572726F723A204461AE
:1083D000746120496E76616C69642E0D0A0000009C
:1083E0004B65793A203078253032580D0A0000006C
:1083F0000014024008000020100000203E3E204DE6
:108400006F64653A2053455454494E470D0A0000A5
:108410004D6F64653A2053455454494E472000003F
:108420003E3E204D6F64653A204D4F4E49544F52A9
:108430000D0A00004D6F64653A204D4F4E49544F70
:10844000522000000400002053657474696E673A7E
:1084500020252E31660D0A003E3E20212121204696
:108460004143544F52592052455345542021212114
:10847000204C696D6974202D3E202D352E300D0A5B
:10848000000000004D6F64653A205245534554206A
:10849000444F4E45000000000900002010B500F0D8
:1084A000B5F800F0A9F800BF00224FF48041084859
:1084B000FAF7ECF800BFC72000F0C2F800BF0122B5
:1084C00091030348FAF7E2F800BF00F095F810BDF9
:1084D0000004024010B50446240300F097F800F0B1
:1084E0008BF800BF00224FF480410A48FAF7CEF81B
:1084F00000BF202000F0A4F8204600F063F800BF81
:10850000012291030348FAF7C1F800BF00F074F8A4
:1085100010BD00000004024010B500BF00224FF45F
:1085200080411048FAF7B2F800BF902000F088F8B8
:10853000002000F085F8002000F082F8002000F014
:108540007FF8FF2000F07CF80402FF2000F078F8AC
:10855000044300BF012291030248FAF797F800BFD5
:10856000204610BD0004024070B5044600250026D8
:10857000012C04D0022C04D0032C06D103E00526E4
:1085800005E0352603E0152601E0052600BF00BF03
:1085900000BF00224FF480410948FAF777F800BF86
:1085A000304600F04DF8FF2000F04AF8054600BFC5
:1085B000012291030248FAF769F800BF284670BD0E
:1085C0000004024010B504460A4800884EF61871AF
:1085D000884202D1200E00F033F8C4F3074000F0C7
:1085E0002FF8C4F3072000F02BF8E0B200F028F8D1
:1085F00010BD00003400002010B500BF0120FFF7BF
:10860000B3FF00F001000028F8D110BD10B500BF85
:1086100000224FF480410748FAF738F800BF0620DF
:1086200000F00EF800BF012291030248FAF72EF87D
:1086300000BF10BD000402400146086870470000FA
:1086400001B582B04FF47A70012301AA02A900900B
:108650000248FAF769FC9DF804000EBD44030020AF
:108660002DE9F04192B080460C4615461E46002783
:10867000302106A8F8F740F8142101A8F8F73CF8D3
:1086800000BF002000902A48006840F08050284930
:1086900008600846006800F08050009000BF00BFEE
:1086A00000BF002000902348006840F4804021492A
:1086B00008600846006800F48040009000BF00BFDA
:1086C000012006900004079002200C9041050D91B6
:1086D000CDF83C800E941095119606A8FAF7D6F9BD
:1086E00007461FB1012012B0BDE8F0810F200190B4
:1086F00002200290002003904FF4A05004904FF409
:1087000080500590052101A8FAF780F807460FB1BF
:108710000120E8E7F9F7C0FF41F20101884205D1E5
:108720000548006840F48070034908600020DAE7DB
:108730004038024000700040003C024010B5044642
:1087400009480A4908600846446000218160C16008
:10875000016181610C214161FAF79AFF012204490C
:108760000248FBF735F810BD00100140A0020020C0
:108770001E00002030B595B0054613AB12AA09A91A
:10878000284600F03FFA044614B1204615B030BD2B
:108790000020149026E0224909689DF8502001EB42
:1087A000C20113AB11AA486801A900F02BFA0446D4
:1087B0000CB12046EAE709A901A800F0AFFC60B9B6
:1087C0009DF844009DF84810884201DD0220DDE755
:1087D0009DF85000124988750AE09DF85000401C31
:1087E000C0B214900E48007D9DF850108842D2DC33
:1087F00000BF0B48007D9DF85010884201D1042035
:10880000C4E714A9284600F0DDFA04460CB120465E
:10881000BCE79DF85000024948750020B6E700000B
:10882000E40000202DE9F0419AB09C48847D007D51
:10883000A04202DC1AB0BDE8F0819849096801EB5A
:10884000C40106AB07AA486808A900F0DBF908A92B
:1088500093A0F7F7C9FD002644E09048008B012162
:10886000B1400840D8B122218FA0F7F7BDFD3046B6
:1088700000F042FB89492431471839468BA0F7F7AD
:10888000B3FD222188A0F7F7AFFD304600F034FB9E
:1088900082492431084410A941F8260018E03046E6
:1088A00000F02AFB7D492431085810A941F8260020
:1088B0007A48C07D30B910A850F826107CA0F7F790
:1088C00093FD05E010A850F826107AA0F7F78CFD6C
:1088D0009DF81C00401EB04202D078A0F7F784FD3E
:1088E000701CC6B29DF81C008642B6DB74A0F7F778
:1088F0007BFD01F009F86948407D0B280DD2DFE8C7
:1089000000F0060D151E27323F4E5F728700634947
:10891000096851F834008047054690E05F4A1268C4
:1089200052F8341010988847054688E05B4B1B6866
:1089300053F83420DDE91001904705467FE0574F9A
:108940003F6857F8343010A807C89847054676E0C6
:10895000DFF848C1DCF800C05CF8347010A80FC81C
:10896000B84705466BE01498DFF830C10090DCF89A
:1089700000C05CF8347010A80FC8B84705465EE028
:10898000DDE91401DFF814C1CDE90001DCF800C015
:108990005CF8347010A80FC8B84705464FE0DDE911
:1089A00014121698DFF8F4C0CDE900120290DCF83A
:1089B00000C05CF8347010A80FC8B84705463EE008
:1089C000DDE91423DDE91610DFF8D0C0CDE900237E
:1089D000CDE90210DCF800C05CF8347010A80FC8B4
:1089E000B84705462BE0DDE91523DDE91710CDE991
:1089F0000123CDE903101498DFF8A0C00090DCF843
:108A000000C05CF8347010A80FC8B847054616E0DF
:108A1000DDE91623DDE91810CDE90223CDE90410C4
:108A2000DDE91401DFF874C0CDE90001DCF800C015
:108A30005CF8347010A80FC8B847054600BF00BFE7
:108A400000F00EFF9DF8180001280CD11348C07DDE
:108A500020B929461BA0F7F7C7FC07E029461BA051
:108A6000F7F7C2FC02E018A0F7F7BEFC0B4890F83D
:108A7000EC0088B10948D0F8F0000A21B0FBF1F20F
:108A800001FB12070548D0F8F000B0FBF1F83A46B8
:108A9000414611A0F7F7A8FC00BFCBE6E400002098
:108AA0000D0A2573280000002563000025730000CF
:108AB000256C640030582558000000002C00000090
:108AC000290000003D256C753B0D0A003D305825FE
:108AD000583B0D0A0000000046756E6374696F6EA6
:108AE0002052756E2054696D653A25642E253164D7
:108AF0006D730D0A00000000F0B503461546002016
:108B00000022002600245BE01F782C2F01D104B93D
:108B100001221F78292F01D01F780FB904B950E026
:108B2000002E3AD11F78302F02DB1F78392F17DD46
:108B30001F782D2F14D01F782B2F11D01F78612F65
:108B400002DB1F78662F0BDD1F78412F02DB1F78B9
:108B5000462F05DD1F78582F02D01F78782F0CD1B3
:108B600002B12EE01F78612F03DB1F78203F0F70CA
:108B700001E01F780F70491C1FE01F78222F04D1DD
:108B800002B11EE00126012417E01F78202F14D027
:108B90001F782C2F11D0FF2613E01F78222F00D131
:108BA000002402B10DE044B11F785C2F02D15B1CA0
:108BB000471CF8B21F780F70491C471CF8B25B1CA9
:108BC000A2E700BF00270F702E70F0BD10B504465D
:108BD000002010700BE020780870641C491C10788D
:108BE000401C10701078984201DB012010BD2078E5
:108BF000202802D020780028EDD10020087000BF86
:108C0000F4E700002DE9FF4F85B080468946002734
:108C1000002004900390012002904FF0000B0025EB
:108C200044461DE02078202816D005F07F00052856
:108C300012DA0DB945F0800505F07F00042803D154
:108C400020782A2800D00EE0207805F07F010DF86A
:108C50000100681CC5B202E0852D00D103E0641C50
:108C600020780028DED100BF8DB1002005F07F0103
:108C70000DF8010051A1684600F050FA18B9002122
:108C80000898017002E001210898017000254FF05A
:108C9000000A444614E0641C0AF1010000F0FF0AD7
:108CA0002078202802D020782A2809D1204600F0F8
:108CB000A7F90646282E03D02A2E01D0CDF810A001
:108CC0002078282802D020780028E4D1444604984F
:108CD00010B10498401C04444FF0000A002654E0F0
:108CE000207810B94FF0010A50E02078282803D1ED
:108CF00016B9781CC7B213E02078292808D13EB9EC
:108D000017B1781EC7B201E04FF0010A47B93DE044
:108D10002078222804D10EB9012000E00020064668
:108D200047B9207820282FD0207889F8000009F151
:108D3000010929E020782C2804D101200290681C28
:108D4000C5B214E02078202811D0207828280ED031
:108D50004DB9BBF1050F06DA20780DF80B000BF1C9
:108D6000010000F0FF0B0298401CC0B20290012FDE
:108D70000AD10298022807D10298401CC0B2029082
:108D80000398401CC0B20390641CA9E700BF03987D
:108D9000012809D100200DF80B0008A1684600F059
:108DA000BDF908B9002003900799039808700020C6
:108DB00089F80000504609B0BDE8F08F766F69640D
:108DC000000000002DE9F043B5B005460F46002431
:108DD000002604E000213D488155701CC6B20A2ED1
:108DE000F8DB06E06D1C287818B9012035B0BDE825
:108DF000F08328782828F5D16D1C61E034AA6946F3
:108E00002846FFF779FE064635449DF8D00020B18C
:108E1000012827D0FF284CD149E09DF8000000B37D
:108E200033A9684600F0F7F806460EB10220DDE7E8
:108E3000204600F061F825490A31339A0A50A1F121
:108E40002400008B0121A140884320491A3908835E
:108E500004211E480155601CC4B20A2C01DD032008
:108E6000C4E726E0684600F075F9401C00F0FF08F2
:108E7000204600F041F815490A3100EB0109494646
:108E8000684600F05CF911481A38018B0120A040B7
:108E9000014388B20D491A3908830C4800F8048050
:108EA000601CC4B20A2C01DD03209FE701E0022010
:108EB0009CE700BF2878292801D0287800B900E075
:108EC0009CE700BF3C70002090E70000FE000020FF
:108ED0000020074A128802F400423AB1044A11788D
:108EE0000022044B5A541846014B1A807047000068
:108EF0001C000020D801002002460020002105E0CF
:108F0000044B5B5C0344D8B24B1CD9B29142F7DBF3
:108F100070470000FE00002010B5044604EBC400BA
:108F200000EB04100122C2EB800081B24FF47A7092
:108F300000F0B8FC01200149C87510BDE400002014
:108F400010B50246012000E050430B1EA1F10104C0
:108F5000E1B2F9D110BD000070B50026FFF7B8FFEF
:108F6000064606B970BD17488168304688470446F2
:108F70001CB91449C868804721E0304600F0F6F873
:108F80000546012D00D02C46CCB1012C06D0022C78
:108F900008D0032C0AD0042C10D10BE00AA0F7F75C
:108FA00023FA0BE00BA0F7F71FFA07E00CA0F7F786
:108FB0001BFA03E00DA0F7F717FA00BF00BF00BFD0
:108FC000D0E70000E4000020BAAFCAFDB4EDCEF354
:108FD000210D0A00B2CECAFDB4EDCEF3210D0A0078
:108FE000B2CECAFDCCABB6E0210D0A00CEB4D5D2CC
:108FF000B5BDC6A5C5E4B5C4BAAFCAFD210D0A000A
:109000000146491C00E0491C0878202801D10029AC
:10901000F9D1087870472DE9F04F05460F46002634
:109020004FF00A09B3462C460020386034E020781F
:10903000392802DC2078302811DA28782D2802D04F
:1090400028782B2800D156B12078462802DC2078D9
:10905000412804DA2078582817D1012E15D120781C
:10906000412801DB4FF0100928782D2803D14FF05B
:10907000020B6D1C0FE028782B2803D14FF0010B59
:109080006D1C08E0701CC6B205E0207800B904E051
:109090000120BDE8F08F641CC9E700BF2C46B9F180
:1090A000100F0FD1032E01DA0220F2E720783028CA
:1090B00006D16078582803D1A41CB01EC6B204E0C3
:1090C0000320E6E70EB90420E3E71BE00EB1701EB3
:1090D000C6B22078392806DC2078302803DB2078D7
:1090E000A0F1300A02E02078A0F1370A3146484664
:1090F000FFF726FF39680AFB00103860641C2078EF
:1091000000B900E0E2E700BFBBF1020F04D138680C
:10911000C0F10008C7F800800020BAE702460AE064
:1091200010780B78984201D001207047107800B970
:1091300002E0521C491CF3E700BF0020F5E706E0FF
:1091400002780A70027802B902E0401C491CF7E775
:1091500000BF70470146002005E00A7802B903E02D
:10916000421CD0B2491CF8E700BF704710B58CB064
:1091700004461E230BAA03A92046FFF727FD0090F3
:10918000009810B101200CB010BD9DF82C000444D3
:1091900000200B900EE040489DF82C2050F8221043
:1091A00003A8FFF7BBFF00B908E09DF82C00401CA6
:1091B000C0B20B909DF82C000728ECD300BF9DF89F
:1091C0002C00072863D2DFE800F004053C5E6564EC
:1091D000630000BF31A0F7F707F931A0F7F704F9F2
:1091E0003FA0F7F701F94EA0F7F7FEF85CA0F7F7FC
:1091F000FBF86BA0F7F7F8F879A0F7F7F5F887A078
:10920000F7F7F2F88CA0F7F7EFF894A0F7F7ECF87F
:1092100098A0F7F7E9F89DA0F7F7E6F8A2A0F7F70E
:10922000E3F8A8A0F7F7E0F8B4A0F7F7DDF8C1A0DD
:10923000F7F7DAF8CCA0F7F7D7F8D8A0F7F7D4F813
:10924000A2E216A0F7F7D0F8E4A0F7F7CDF80020D7
:109250000B900EE0F14800689DF82C2000EBC20056
:109260004168EFA0F7F7C0F89DF82C00401CC0B291
:109270000B90EA48007D9DF82C108842EADC07A09C
:10928000F7F7B2F880E205A0F7F7AEF8CCE179E2A3
:109290004DE221E2F4E10000380000200D0A000058
:1092A0002D2D2D2D2D2D2D2D2D2D2D2D2D2D2D2DEE
:1092B0002D2D2D2D2D2D2D2D55534D4152542056F4
:1092C000332E352D2D2D2D2D2D2D2D2D2D2D2D2DBF
:1092D0002D2D2D2D2D2D2D2D2D2D2D200D0A000068
:1092E0002020202055534D415254CAC7D3C9414C68
:1092F00049454E54454BBFAAB7A2B5C4D2BBB8F638
:10930000C1E9C7C9B5C4B4AEBFDAB5F7CAD4BBA505
:10931000BDBBD7E9BCFE2CCDA8B9FD200D0A0000CD
:10932000CBFC2CC4E3BFC9D2D4CDA8B9FDB4AEBF29
:10933000DAD6FACAD6B5F7D3C3B3CCD0F2C0EFC3EE
:10934000E6B5C4C8CEBACEBAAFCAFD2CB2A2D6B466
:10935000D0D02ED2F2B4CB2CC4E3BFC90D0A00008A
:10936000D2D4CBE6D2E2B8FCB8C4BAAFCAFDB5C419
:10937000CAE4C8EBB2CECAFD28D6A7B3D6CAFDD779
:10938000D62831302F3136BDF8D6C62CD6A7B3D665
:10939000B8BACAFD29A1A2D7D6B7FBB4AE0D0A0050
:1093A000A1A2BAAFCAFDC8EBBFDAB5D8D6B7B5C867
:1093B000D7F7CEAAB2CECAFD292CB5A5B8F6BAAF5A
:1093C000CAFDD7EEB6E0D6A7B3D63130B8F6CAE4B8
:1093D000C8EBB2CECAFD2CB2A2D6A7B3D60D0A00F6
:1093E000BAAFCAFDB7B5BBD8D6B5CFD4CABE2ED694
:1093F000A7B3D6B2CECAFDCFD4CABEBDF8D6C6C9B1
:10940000E8D6C3B9A6C4DC2CD6A7B3D6BDF8D6C659
:10941000D7AABBBBB9A6C4DC2E0D0A00BCBCCAF5DA
:10942000D6A7B3D63A7777772E6F70656E65647678
:109430002E636F6D0D0A000055534D415254D3D029
:1094400037B8F6CFB5CDB3C3FCC1EE28B1D8D0EB59
:10945000D0A1D0B4293A0D0A000000003F3A2020E4
:1094600020202020BBF1C8A1B0EFD6FAD0C5CFA2F2
:109470000D0A000068656C703A202020BBF1C8A17D
:10948000B0EFD6FAD0C5CFA20D0A00006C69737494
:109490003A202020BFC9D3C3B5C4BAAFCAFDC1D0DA
:1094A000B1ED0D0A0A00000069643A202020202056
:1094B000BFC9D3C3BAAFCAFDB5C44944C1D0B1ED29
:1094C0000D0A0A006865783A20202020B2CECAFD35
:1094D0003136BDF8D6C6CFD4CABE2CBAF3B8FABF5F
:1094E000D5B8F12BCAFDD7D6BCB4D6B4D0D0BDF810
:1094F000D6C6D7AABBBB0D0A0A0000006465633A52
:1095000020202020B2CECAFD3130BDF8D6C6CFD43F
:10951000CABE2CBAF3B8FABFD5B8F12BCAFDD7D65C
:10952000BCB4D6B4D0D0BDF8D6C6D7AABBBB0D0A42
:109530000A00000072756E74696D653A312CBFAA1D
:10954000C6F4BAAFCAFDD4CBD0D0BCC6CAB13B308A
:109550002CB9D8B1D5BAAFCAFDD4CBD0D0BCC6CA0D
:10956000B13B0D0A0A000000C7EBB0B4D5D5B3CCAF
:10957000D0F2B1E0D0B4B8F1CABDCAE4C8EBBAAF1A
:10958000CAFDC3FBBCB0B2CECAFDB2A2D2D4BBD816
:10959000B3B5BCFCBDE1CAF82E0D0A002D2D2D2D52
:1095A0002D2D2D2D2D2D2D2D2D2D2D2D2D2D2D2DEB
:1095B0002D2D2D2D2D2DD5FDB5E3D4ADD7D32D2DAE
:1095C0002D2D2D2D2D2D2D2D2D2D2D2D2D2D2D2DCB
:1095D0002D2D2D2D2D2D2D200D0A00002D2D2D2D65
:1095E0002D2D2D2D2D2D2D2D2D2D2D2D2D2D2D2DAB
:1095F0002D2D2D2D2DBAAFCAFDC7E5B5A52D2D2DCD
:109600002D2D2D2D2D2D2D2D2D2D2D2D2D2D2D2D8A
:109610002D2D2D2D2D2D2D2D200D0A00E4000020A7
:1096200025730D0A0000000059A0F6F7DDFE0020AA
:109630000B901AE0664909689DF82C2001EBC201E5
:1096400001AB02AA486803A9FFF7DCFA604800688A
:109650009DF82C1050F8312003A95EA0F6F7C4FE47
:109660009DF82C00401CC0B20B905948007D9DF81D
:109670002C108842DEDCAFF2DC30F6F7B5FE83E07A
:10968000AFF2E830F6F7B0FE0BAA03A92046FFF7C9
:1096900033FA9DF82C00C8B9694603A8FFF7BBFC54
:1096A0000B909DF82C0020B94FA00099F6F79CFE76
:1096B0000EE09DF82C00042801D0022063E54DA0A7
:1096C000F6F792FE01204249C87501E002205AE5F2
:1096D00047A0F6F789FE57E045A0F6F785FE0BAAEE
:1096E00003A92046FFF708FA9DF82C00C8B969467F
:1096F00003A8FFF790FC0B909DF82C0020B942A026
:109700000099F6F771FE0EE09DF82C00042801D0B8
:10971000022038E53FA0F6F767FE00202C49C87507
:1097200001E002202FE532A0F6F75EFE2CE030A02B
:10973000F6F75AFE0BAA03A92046FFF7DDF99DF8BC
:109740002C00C8B9694603A8FFF765FC0B909DF88B
:109750002C0078B91E49009881F8EC00084690F872
:10976000EC0018B130A0F6F73FFE07E035A0F6F7A1
:109770003BFE03E0022006E5022004E51CA0F6F70C
:1097800033FE01E00120FEE400BF0020FBE4000006
:109790002D2D2D2D2D2D2D2D2D2D2D2D2D2D2D2DF9
:1097A0002D2D2D2D2D2D2D2D2DBAAFCAFD20494447
:1097B000202D2D2D2D2D2D2D2D2D2D2D2D2D2D2DE6
:1097C0002D2D2D2D2D2D2D2D2D2D2D2D200D0A0046
:1097D000E400002025732069642069733A0D0A3083
:1097E00058253038580D0A004845583A3058255801
:1097F0000D0A00003136BDF8D6C6B2CECAFDCFD4B0
:10980000CABE210D0A0000004445433A256C750D7F
:109810000A0000003130BDF8D6C6B2CECAFDCFD4A2
:10982000CABE210D0A00000052756E2054696D6594
:109830002043616C63756C6174696F6E204F4E0DCF
:109840000A00000052756E2054696D652043616CFA
:1098500063756C6174696F6E204F46460D0A000097
:109860000E480068006900F0010040B10C48D0F8D3
:10987000F0004FF6FF7108440949C1F8F0000848AC
:10988000D0F8F00005490968496A08440449C1F85C
:10989000F0000846D0F8F000704700009C0300205C
:1098A000E400002038B505460C4600BF00BF00208C
:1098B00000901248006840F0040010490860084613
:1098C000006800F00400009000BF00BF00BF0C481B
:1098D0000C4908600846446000218160C560016150
:1098E000F9F724FD0748F9F755FD032211461E201C
:1098F000F8F739FF1E20F8F726FF38BD4038024040
:10990000000800409C0300206FF00100094909682D
:10991000086100BF000C07490968C8620146054894
:10992000C16000BF00200349096848620249C1F8CC
:10993000F00070479C030020E400002001607047A5
:1099400010B500290AD00878002807D005487844C7
:10995000F7F7E6FD002801D0002010BD024878444A
:1099600010BD0000CE3B0000C63B000010B5002932
:109970000AD00878002807D005487844F7F7D0FDCA
:10998000002801D0002010BD0248784410BD00001E
:10999000BE3B0000B63B000021F00042A2F1605245
:1099A000B2F5801F01F0004328BFD2F17F6C0BD9C4
:1099B0005FEA001C43EAC20242EB507018BF7047D6
:1099C00028BF20F001007047B2F5801FBCBF1846C9
:1099D00070474FEA410C1CF5001F02D2084600F008
:1099E00083BA70B500F080F900000089FFF7F6BF78
:1099F0004FF00040A0F580007047000002494FF092
:109A0000000000F07BBA00BF0000F87F491058BF8B
:109A1000C1F140415B1058BFC3F140438B42EFF3AB
:109A20000080704751EA030C17D41CF5801F58BF03
:109A3000BCF5801F00F10680994218BF704708BF2F
:109A40009042704707D711F5801F58BF13F5801F4C
:109A500019D499427047894270471CF5801F08D578
:109A6000BCF5801FF7D58B4218BF704708BF8242F4
:109A700070474FF4001C1CEB410F38BF1CEB430F29
:109A800001D28B42704770B500F02EF99224490044
:109A90004FF000514FF08053FFF7B8BF4FEA11531A
:109AA000A3F58063D3F11E03A8BFD3F1200C08DB1C
:109AB0004FF0004242EAC12252EA505232FA03F019
:109AC000704709420BD4102BC4BF0020704703F528
:109AD000787CBCF1FF3F05D04FF0FF3070474FF06E
:109AE0000000704770B500F0FFF800BF4992248075
:109AF00000207047F0E7B0FA80F310FA03F10AD0C3
:109B0000C3F11D0303F580634FEA41504FEA03524E
:109B100002EBD12170474FF00000704751EA030C6F
:109B200017D41CF5801F58BFBCF5801F00F10680BC
:109B3000994218BF704708BF9042704707D711F588
:109B4000801F58BF13F5801F19D49942704789426E
:109B500070471CF5801F08D5BCF5801FF7D58B42D8
:109B600018BF704708BF824270474FF4001C1CEBBF
:109B7000410F38BF1CEB430F01D28B42704770B5C9
:109B800000F0B2F8922449004FF000514FF080539A
:109B9000FFF73CBFDFF848C170B51CEA111E1EBFBD
:109BA0001CEA13159EEA0C0F95EA0C0F00F06F806B
:109BB00081EA030423EA4C134EEAD47E21EA4C11D5
:109BC00041F4801143F48013AE44A1FB024CA0FB8E
:109BD0000365AEF17F7E361955EB0C05A1FB034CF6
:109BE0004CF10003A0FB021C16EB0C06654153F17F
:109BF0000003094218BF46F0010613F4007F0BD1A1
:109C00004FEA03314FEA0530340341EA155140EA87
:109C100016506FF003020AE04FEAC3214FEAC52055
:109C2000F40241EA555140EA56506FF0020202EB4D
:109C30002E4201EB025585EACE710AD05FEA440C50
:109C400018BF24F0004450F1000041F1000120EA67
:109C5000D47040F2FE7C624500D270BDA84214BFB1
:109C60004FF080444FF04044002E08BF0024BEF166
:109C7000806FA8BFA1F1C041BDE8704080F2828032
:109C80004FF0000001F1C04101F0004170479EEA31
:109C90000C0F0CEA131518BF95EA0C0F06D04FF005
:109CA000000081EA030E0EF0004170BD00F01CF8C8
:109CB0008900013E00F007B800F009B84FEA430CF4
:109CC0005FEA5C5C08D081EA030100F05BB84FEA10
:109CD000410C5FEA5C5CF6D14FF00000014970472F
:109CE0000000FF070000F87F0EF1020E2EF0030EB9
:109CF0005EF8046B364205D4012A43EB030515F5E3
:109D0000001F12D8012841EB010C1CF5001F0CD8D4
:109D10000ED14FEAD17C15F5001F0CEB4C0C0CF169
:109D2000020C08BF4CEBD37C04E04FF0080C01E0C0
:109D30004FEAD37C0CEB4C0526FA05F606F0070635
:109D4000B6F1040C06D20EEB860CBDE870404CF068
:109D5000010C6047DFE80CF0090B02024FF00041F4
:109D60004FF00000A1F5002170BD194610460128F2
:109D700051EB010418BFD4F5001484BF002001F09A
:109D8000004170BD0808A0F500114FEA310170478D
:109D900053EA010C17D41CF5801F58BFBCF5801F77
:109DA00000F106808B4218BF704708BF824270479F
:109DB00007D713F5801F58BF11F5801F19D48B42A8
:109DC00070479B4270471CF5801F08D5BCF5801F6B
:109DD000F7D5994218BF704708BF904270474FF4BB
:109DE000001C1CEB430F38BF1CEB410F01D2994202
:109DF00070470FB40CBC03BCFFF7C1BE43004FEA71
:109E0000D30C4FEA3C0C43401FBF40070CF160519C
:109E100013F0FE4F70471CF0006F03D100200CF0D0
:109E2000004170470CF0004343EA507010B540EA1F
:109E3000CC0000F00EF800BF000000924FEA0001D5
:109E4000FFF7A0BF4FF000414FF00000A1F5002147
:109E500070470EF1020E2EF0030E5EF8044B244202
:109E600004D44FEA4102B2F17F4F11D84FEA4003C8
:109E7000B3F17F4F0CD80ED14FEAD07CB2F17F4FB7
:109E80000CEB4C0C0CF1020C08BF4CEBD17C04E049
:109E90004FF0080C01E04FEAD17C0CEB4C0324FAA4
:109EA00003F404F00704B4F1040C06D20EEB840CA6
:109EB000BDE810404CF0010C6047DFE80CF00708EB
:109EC00002024FF00040A0F5800010BD084642009D
:109ED00018BFD2F1807288BF00F0004010BD4FF073
:109EE0004070E1EE100A7047FF2141EAD050C005F2
:109EF00070474FF000007047F6F766BD0CF00F0397
:109F0000092B08BF082000F05F800A2B0BD0082B1C
:109F100018BF704708BF1CF0400F0AD04FF0000078
:109F20004FF0000170471CF0400F18BF4FF0004089
:109F300070471CF0100F08D020F0704300F07F42F3
:109F400042EAD3014FEA4370704700F0604021F0CD
:109F50007F4242EA000201F07F4040EA727070479F
:109F60004FF0FF0C4CF4E06C1CEA11531CBF9CEA50
:109F7000030C9445C2BFDA4201EB02517047002B3B
:109F80000DD0BCF1000F0FD0002A01F00041A4BF9A
:109F900041F0E04141F07F614FF00000704701F077
:109FA00000414FF00000704750EA01334FF09B0C26
:109FB00018BF4CF0806C7FF421AD7047F7F750B9B3
:109FC000F7F7EEBAF7F77CBC1CF4801F11D01CF435
:109FD000E02F03D06FEACC31490070474FF040507A
:109FE000EFF3008222F0704242EA000282F300881E
:109FF00070474FF0000070470000000000000000B4
:10A00000010203040607080900000000010203041E
:10A01000FC60DAF266B6BEE0FEF6EE3E9C7A9E8EFC
:10A020006E1C3ACE0A1E7C020000000000000000F8
:10A030000000000000000000003F400000000000A1
:10A040000000003000400030004000000009000B1C
:10A05000C03D000BC03D00090018C024407FE02235
:10A060004031800000180024C01B000D80324001E8
:10A070008003801C4027401C800740004010006087
:10A080000000000000000000000000000000001FB1
:10A0900080204040200000402020401F8000000021
:10A0A00000090006001F80060009000000040004EB
:10A0B000003F800400040000000010006000000069
:10A0C000000000000004000400040004000400007C
:10A0D000000000004000000000000000000020011F
:10A0E000C006003800400000001F802040204020B3
:10A0F000401F800000000010403FC00040000000F2
:10A100000018C02140224024401840000010802048
:10A1100040244024401B80000002000D0011003F3D
:10A12000C0014000003C80244024402440238000A3
:10A13000001F802440244034400380000030002071
:10A140000027C03800200000001B80244024402449
:10A15000401B8000001C0022C0224022401F8000C3
:10A1600000000000000840000000000000000000A7
:10A17000000460000000000000000004000A00115C
:10A180000020804040090009000900090009000082
:10A190000000004040208011000A00040018002048
:10A1A0000023402400180000001F80204027402981
:10A1B000401F400000004007C039000F0001C000F0
:10A1C0004020403FC0244024401B8000001F8020CE
:10A1D00040204020403080000020403FC0204020F0
:10A1E000401F80000020403FC024402E4030C0006F
:10A1F0000020403FC024402E00300000000F00101F
:10A2000080204022403380020020403FC0040004F0
:10A21000003FC02040204020403FC0204020400060
:10A22000000060202020203FC02000200020403F70
:10A23000C024400B0030C0204020403FC0204000E0
:10A2400040004000C03FC03C0003C03C003FC00095
:10A250000020403FC00C4023003FC020001F802052
:10A2600040204020401F80000020403FC024402468
:10A2700000180000001F802140214020E01FA000A6
:10A280000020403FC02440260019C0004018C024D0
:10A29000402440224031800000300020403FC02058
:10A2A000403000000020003F80004000403F802000
:10A2B0000020003E0001C0070038002000380007E1
:10A2C000C03C0007C038000000204039C0060039FB
:10A2D000C0204000002000384007C0384020000067
:10A2E00000304021C02640384020C000000000005F
:10A2F000007FE0402040200000000070000C0003C0
:10A3000080004000000000402040207FE00000006E
:10A3100000000020004000200000000000001000AD
:10A32000100010001000100010000000004000009D
:10A330000000000000000002800540054003C0004E
:10A340004020003FC00440044003800000000003A0
:10A3500080044004400640000000000380044024C4
:10A36000403FC0004000000380054005400340001E
:10A3700000000004401FC0244024402000000002D0
:10A38000E0055005500650042020403FC004400422
:10A390000003C000400000044027C000400000004F
:10A3A0000000100010041027E00000000020403FD3
:10A3B000C00140070004C00440204020403FC000CE
:10A3C000400040000007C0040007C0040003C000B4
:10A3D00000044007C00440040003C0004000000324
:10A3E000800440044003800000041007F00450047F
:10A3F0004003800000000003800440045007F00088
:10A4000010044007C00240040004000000000006E1
:10A41000400540054004C00000000004001F800407
:10A420004000400000040007800040044007C000D6
:10A43000400400070004C00180060004000600017B
:10A44000C0070001C006000000044006C00100066D
:10A45000C0044000000410071004E001800600045E
:10A46000000000044005C006400440000000000059
:10A470000004007BE040200000000000000000FF1E
:10A48000F000000000000040207BE004000000001D
:10A49000004000800040002000200040000000003C
:10A4A00000000000000000000000000000000000AC
:10A4B0000000001FCC000C0000000000000000089D
:10A4C000003000600008003000600000000220033F
:10A4D000FC1E20022003FC1E200220000000000EB3
:10A4E0001811043FFF10840C78000000000F0010CA
:10A4F000840F3800C0077818840078000000780FB7
:10A500008410C411240E9800E40084000808006838
:10A5100000700000000000000000000000000000CB
:10A5200000000007E018182004400200000000406E
:10A53000022004181807E00000000000000240029A
:10A540004001800FF00180024002400000008000C6
:10A550008000800FF8008000800080000000010073
:10A560000D000E00000000000000000000000000D0
:10A57000800080008000800080008000800000005B
:10A580000C000C00000000000000000000000000B3
:10A590000600180060018006001800200000000777
:10A5A000F0080810041004080807F0000000000874
:10A5B0000408041FFC000400040000000000000E5A
:10A5C0000C10141024104411840E0C000000000C18
:10A5D0001810041104110412880C7000000000000F
:10A5E000E00320042408241FFC0024000000001FB6
:10A5F00098108411041104108810700000000007E6
:10A60000F008881104110418880070000000001C74
:10A6100000100010FC13001C001000000000000ED1
:10A620003811441084108411440E380000000007D3
:10A6300000088C10441044088807F0000000000057
:10A64000000000030C030C000000000000000000EC
:10A6500000000101060000000000000000000000F2
:10A6600080014002200410080810040000022002AB
:10A670002002200220022002200220000000001000
:10A680000408080410022001400080000000000EB1
:10A69000001200100C106C10800F00000003E00C82
:10A6A0001813E4142417C4082807D000000004007D
:10A6B0003C03C41C40074000E4001C000410041FBD
:10A6C000FC1104110411040E880070000003E00C5A
:10A6D0001810041004100410081C10000010041FAF
:10A6E000FC100410041004080807F0000010041FF8
:10A6F000FC1104110417C410040818000010041FF2
:10A70000FC1104110017C010000800000003E00C49
:10A71000181004100410441C780040000010041F9E
:10A72000FC10840080008010841FFC1004000010C6
:10A730000410041FFC1004100400000000000300BB
:10A7400001100110011FFE10001000000010041F76
:10A75000FC110403801464181C1004000010041F72
:10A76000FC1004000400040004000C000010041F8E
:10A77000FC1F0000FC1F001FFC1004000010041F41
:10A78000FC0C04030000E010181FFC100007F00888
:10A7900008100410041004080807F0000010041F3B
:10A7A000FC10841080108010800F00000007F0085B
:10A7B0001810241024101C080A07F2000010041FAF
:10A7C000FC1104110011C011300E0C000400000E29
:10A7D0001C11041084108410441C38000018001050
:10A7E0000010041FFC100410001800000010001FCF
:10A7F000F810040004000410041FF8100010001EDC
:10A800000011E0001C007013801C0010001FC0101D
:10A810003C00E01F0000E0103C1FC00000100418C6
:10A820000C163401C001C01634180C100410001CA2
:10A8300000130400FC13041C0010000000080410A6
:10A840001C1064108413041C041018000000000085
:10A850000000007FFE400240024002000000003085
:10A86000000C0003800060001C000300000000409A
:10A8700002400240027FFE000000000000000000D5
:10A8800000200040004000400020000000000100C7
:10A890000100010001000100010001000100004071
:10A8A0000040002000000000000000000000000048
:10A8B00098012401440144014400FC000410001FDD
:10A8C000FC00880104010400880070000000000002
:10A8D00070008801040104010400880000000000E9
:10A8E0007000880104010411081FFC00040000002E
:10A8F000F8014401440144014400C8000000000183
:10A900000401040FFC1104110411001800000000E0
:10A91000D601290129012901C90106000010041FDF
:10A92000FC008401000100010400FC00040000019F
:10A9300004190419FC0004000400000000000000D9
:10A940000300010101190119FE0000000010041F9D
:10A95000FC0024004001B4010C01040000000010C0
:10A960000410041FFC0004000400000000010401A6
:10A97000FC0104010001FC0104010000FC010401D0
:10A98000FC008401000100010400FC000400000040
:10A99000F8010401040104010400F80000010101B0
:10A9A000FF00850104010400880070000000000021
:10A9B00070008801040104010501FF000101040188
:10A9C0000401FC008401040100018000000000007B
:10A9D000CC0124012401240124019800000000017D
:10A9E00000010007F801040104000000000100015B
:10A9F000F8000400040004010801FC000401000147
:10AA0000800170000C001001600180010001F00164
:10AA10000C003001C00030010C01F0010000000109
:10AA200004018C00740170018C010400000101011B
:10AA3000810171000E001801600180010000000119
:10AA400084010C013401440184010C000000000069
:10AA5000000000000001003EFC4002400200000037
:10AA60000000000000FFFF000000000000000040A8
:10AA70000240023EFC0100000000000000000060F7
:10AA80000080008000400040002000200000000006
:10AA900000000000000000000000000000000000B6
:10AAA00000000000000000000000000000000000A6
:10AAB0000000000000000000000000000000000096
:10AAC0000F80380FFE380F803800000000000000B3
:10AAD000000000000000000000000001000006006F
:10AAE000000C00003800003100000600000C0000DF
:10AAF000380000300000000000000000006180000D
:10AB000067F807F980006180006180006180006162
:10AB1000800067F807F980006180000000000000F5
:10AB200000000001C0E003E0F00630080418081F30
:10AB3000FFFE040E080787F00381E000000000001C
:10AB40000001F000060C00040408060C7001F9C0B6
:10AB5000000E00003BE000EC18070808040C180089
:10AB600003E00000000001E00007F003F818041CF7
:10AB70000804170807E1D003C0E00023B0003C0838
:10AB8000002008000010000000000000010000315B
:10AB900000003200001C0000000000000000000067
:10ABA00000000000000000000000000000000000A5
:10ABB000000000000000000000000000007F000115
:10ABC000FFC00780F00C00181000042000020000F5
:10ABD000000000002000021000040C00180780F0A4
:10ABE00001FFC0007F000000000000000000000026
:10ABF0000000000000000000004200006600006647
:10AC000000003C0000180003FFC0001800003C00DA
:10AC1000006600006600004200000000000800001E
:10AC2000080000080000080000080001FFC000083C
:10AC300000000800000800000800000800000000F4
:10AC400000000100003100003200001C0000000084
:10AC500000000000000000000000000000000000F4
:10AC600000000000000800000800000800000800C4
:10AC700000080000080000080000080000080000AC
:10AC80000800000000000000000000000038000084
:10AC90003800003800000000000000000000000044
:10ACA000000000000000000000000000000006009E
:10ACB000001C000070000180000E0000380000C081
:10ACC000000700001C000030000000000000000031
:10ACD000007F8001FFE00380700600180400080474
:10ACE000000806001803807001FFE0007F8000006C
:10ACF0000000000000000001000801000801000839
:10AD000003FFF807FFF80000080000080000080033
:10AD1000000000000000000001C03802C05804001C
:10AD200098040118040218040418061C1803F818E3
:10AD300001E0F800000000000000000001C0E00396
:10AD4000C0F004000804080804080806180803F402
:10AD50001801E7F00001E000000000000000000022
:10AD6000000300000D0000110000610000810803D5
:10AD7000010807FFF80FFFF80001080001080000B4
:10AD8000000000000000E007FCD0060808061008DC
:10AD9000061008061008061838060FF00607C0004F
:10ADA0000000000000000000003F8001FFE003847D
:10ADB00030020818041008041008041008071810BE
:10ADC000030FF00007C000000000000000000003B7
:10ADD000C0000700000600000600F80607F8061885
:10ADE0000006E00007000006000000000000000070
:10ADF00001E1E003F7F00634100418080418080411
:10AE00000C08040C0806161803F3F001C1E000005A
:10AE10000000000000F80003FC30030638040208BC
:10AE20000402080402080404100308F001FFC00033
:10AE30007F00000000000000000000000000000093
:10AE4000000000000070380070380070380000000A
:10AE500000000000000000000000000000000000F2
:10AE6000000000000000000000301A00301C00004C
:10AE700000000000000000000000000000000000D2
:10AE80000000000008000014000022000041000043
:10AE9000808001004002002004001008000800002B
:10AEA000000000000021000021000021000021001E
:10AEB00000210000210000210000210000210000ED
:10AEC000210000000000000000000008000804004D
:10AED000100200200100400080800041000022009C
:10AEE00000140000080000000000000003C000047F
:10AEF000C000040000080038080F3808083808109F
:10AF0000000C300007E00003C0000000000000005B
:10AF1000003F8000FFE0038070020F10067088047D
:10AF2000C088048308047F8802C09003012000FECB
:10AF3000400000080000180001F8003E0801C200AF
:10AF400007020007E20000FE00001FC80001F80031
:10AF5000003800000804000807FFF807FFF804089D
:10AF60000804080804080804080806180803F41868
:10AF700001E7F00001E0000000000000003F800158
:10AF8000FFE00380700200180400080400080400B9
:10AF9000080400100600200780C00000000400081C
:10AFA00007FFF807FFF8040008040008040008047D
:10AFB000001802001003807001FFE0007F80000095
:10AFC0000004000807FFF807FFF804080804080851
:10AFD000040808040808043E0804000806001801D4
:10AFE000006000000004000807FFF807FFF80408ED
:10AFF00008040800040800040800043E00060000DD
:10B00000060000018000000000000000003F8001F9
:10B01000FFE0038070060018040008040208040220
:10B02000080203F00783F000020000020004000899
:10B0300007FFF807FFF804080800080000080000F0
:10B04000080000080004080807FFF807FFF80400DC
:10B0500008000000000000040008040008040008C4
:10B0600007FFF807FFF804000804000804000800C0
:10B0700000000000000000000000060000070000C3
:10B080000104000104000104000307FFFE07FFFCA8
:10B0900004000004000004000004000807FFF80793
:10B0A000FFF8040C08001800003E0004C7800503E8
:10B0B000C80600F80400380400180000080400085E
:10B0C00007FFF807FFF80400080000080000080068
:10B0D00000080000080000080000180000600000E0
:10B0E0000004000807FFF807800807FC00007FC085
:10B0F0000003F80007C000780007800807FFF80782
:10B10000FFF804000804000807FFF807000803C060
:10B110000000E000003800001E000007000001C031
:10B120000400F007FFF8040000000000007F800129
:10B13000FFE0038070060018040008040008060001
:10B140001803003001FFE0007F80000000040008C9
:10B1500007FFF807FFF804040804040004040004CF
:10B160000400040400060C0003F80001F0000000D5
:10B1700000000000007F8001FFE00380700600886F
:10B180000400880400C806003C03003E01FFE600FE
:10B190007F8400000004000807FFF807FFF8040898
:10B1A00008040800040C00040F00040BC00610F093
:10B1B00003F03801E00800000800000001E0F80397
:10B1C000F030063010041808041808040C08040CA9
:10B1D000080206180207F00781E000000001800065
:10B1E00006000004000004000004000807FFF80740
:10B1F000FFF80400080400000400000600000180BD
:10B200000004000007FFE007FFF00400180000083A
:10B2100000000800000800000800000804001007F3
:10B22000FFE004000004000006000007E00007FE45
:10B2300000041FE00001F80000380001E0043E00B7
:10B2400007C00006000004000004000007E000073B
:10B25000FFC0041FF80007C007F80007FF80043F85
:10B26000F80007C004F80007000004000000000018
:10B2700004000806001807C07805F1C8003E000069
:10B280001F800463E80780F8060018040008000027
:10B290000004000006000007800007E008047C08A6
:10B2A000001FF80007F800180804E008070000066F
:10B2B000000004000000000001000806003804003F
:10B2C000F80403E8040F08047C0805F00807C00828
:10B2D00007001804006000000000000000000000EB
:10B2E00000000000000000003FFFFE2000022000E0
:10B2F00002200002200002200002000000000000E6
:10B3000000000008000007000000C0000038000036
:10B3100006000001C000003000000E000001000027
:10B3200000000000000000200002200002200002B7
:10B330002000022000023FFFFE000000000000008D
:10B3400000000000000000000000000000000800F5
:10B35000001000003000002000003000001000004D
:10B3600008000000000000000000000100000100D3
:10B3700000010000010000010000010000010000C8
:10B3800001000001000001000001000001000000B8
:10B39000000000000000200000200000100000104D
:10B3A000000000000000000000000000000000009D
:10B3B000000000000000F00019F8001B180022082F
:10B3C000002608002408002410003FF8001FF800A1
:10B3D000000800001800000004000007FFF80FFF3D
:10B3E000F00018180010080020080020080030188D
:10B3F000001FF0000FC00000000000000007C000A8
:10B400001FF0001830002008002008002008003C31
:10B4100008001C1000006000000000000000000098
:10B420000007C0001FF000381800200800200800A6
:10B43000200804101007FFF80FFFF00000100000B4
:10B44000000000000000000007C0001FF0001230E4
:10B45000002218002208002208003208001E1000F6
:10B460000E20000000000000002000002008002046
:10B470000801FFF803FFF80620080420080420084C
:10B4800007200003000000000000000000000E0084
:10B490000E6E001FF30031B10020B10020B1003169
:10B4A00091001F13002E1E00200E0030000000002F
:10B4B00004000807FFF80FFFF80010080020000044
:10B4C0002000002008003FF8001FF80000080000DE
:10B4D00000000000000000002008002008002008F4
:10B4E000063FF8063FF800000800000800000800CA
:10B4F0000000000000000000000000000003000049
:10B5000003002001002001002003063FFE063FFC4F
:10B510000000000000000000000000000400080718
:10B52000FFF80FFFF8000188000300002FC000386B
:10B53000F80020380020080000080000000000008B
:10B5400000000004000804000804000807FFF80FCA
:10B55000FFF80000080000080000080000000000DC
:10B5600000002008003FF8003FF80010080020000D
:10B57000003FF8003FF8001008002000003FF800EE
:10B580003FF8000008000000002008003FF8003FDE
:10B59000F8001008001000002000002008003FF80C
:10B5A000001FF80000080000000000000007C000B5
:10B5B0000FF000183000300800200800200800308C
:10B5C00008001830000FF00007C000000000000065
:10B5D000002001003FFF003FFF0010110020090084
:10B5E0002008002008003038001FF0000FC00000C5
:10B5F000000000000007C0001FF0003818002008FD
:10B60000002008002009001011001FFF003FFF006C
:10B610000001000000002008002008002008003F72
:10B62000F8003FF80008080010080020080020007B
:10B6300000300000300000000000000000000000AA
:10B640000C78001E18003308002308002108002190
:10B65000880021980030F0003860000000000000F1
:10B6600000200000200000200000FFF003FFF80091
:10B670002008002008002008000030000000000022
:10B6800000000000002000003FF0007FF8000018DC
:10B69000000008000008002010003FF8007FF000C4
:10B6A0000010000000000000002000003000003CFE
:10B6B00000003F800023F00000780000700023802D
:10B6C000003C00003000002000002000003C000092
:10B6D0003FE00023F80000E0002700003E00003FAC
:10B6E000E00021F80001E0003E0000200000000022
:10B6F000002008002008003838003E68002780003D
:10B7000003C8002CF800383800201800200800007A
:10B7100000000000002000003003003C01003F83D7
:10B720000023EC000070002380003C00002000009B
:10B730002000000000000000000000003808002089
:10B74000380020F80023E8002F88003E0800380861
:10B750000020180000700000000000000000000041
:10B7600000000000000000000008000014001FF7A7
:10B77000FC30000620000200000000000000000075
:10B78000000000000000000000000000000000FFBA
:10B79000FFFF0000000000000000000000000000AB
:10B7A000000000000000002000023000061FF7FC2F
:10B7B000001400000800000000000000000000006D
:10B7C00000000000000000001800006000004000C1
:10B7D00000400000200000100000080000040000ED
:10B7E0000400000C00001000000000000000000039
:10B7F0000000000000000000000000000000000049
:10B800000000000000000000000000000000000038
:10B810000000000000000000000000000000000028
:10B820000000000000000000000000000000000018
:10B830000000000000000000000000000000000008
:10B840000007F000C007FFE1E007F001E0000000A2
:10B85000C000000000000000000000000000000028
:10B8600000000000000000000000000000000000D8
:10B87000000020000001C00000078000001F000041
:10B88000001E0000001C20000001C0000007800016
:10B89000001F0000001E0000001C0000000000004F
:10B8A0000000000000000000000000000000180C74
:10B8B0000000180C0000180FE0001FFC0003F80C3B
:10B8C0000000180C0000180C0000180C0000180CE8
:10B8D0000000180FE0001FFC0003F80C0000180C1B
:10B8E0000000180C00000000000000000000000034
:10B8F0000000000780007807C000FC0640010E0031
:10B900002003070020020380200FFFFFFC0201C07C
:10B91000200200E0600130704001F03F8000F01F25
:10B9200000000000000000000000FE000001FF0019
:10B93000000301800002008060030181C001FF0755
:10B940000000FE18000000E0000003BF00000CFF34
:10B95000C00071806001C10020030180600000FF11
:10B96000C000003F000000000000001F0000007F3A
:10B97000C000FCC0C001FF80600303E02002027829
:10B980002002061E2003FC074001F0038000010393
:10B99000C000011C600001E0200001002000010047
:10B9A00040000001800000000000000000002000B6
:10B9B000001C6000001C4000001F8000000F000001
:10B9C0000000000000000000000000000000000077
:10B9D0000000000000000000000000000000000067
:10B9E0000000000000000000000000000000000057
:10B9F0000000000000000000000000000000000047
:10BA000000000000000007F800003FFF000078077A
:10BA1000C001C000E003000030040000080800007E
:10BA200004100000020000000000000000100000F0
:10BA30000208000004040000080300003001C000F8
:10BA4000E0007807C0003FFF000007F8000000009A
:10BA500000000000000000000000000000000000E6
:10BA600000000000000000000000000000000000D6
:10BA700000000C1800000E3800000E3800000630E0
:10BA800000000360000061438000FFFF800061430D
:10BA9000000003600000063000000E3800000E3881
:10BAA00000000C1800000000000000000000000072
:10BAB0000000008000000080000000800000008086
:10BAC000000000800000008000007FFF0000008078
:10BAD0000000008000000080000000800000008066
:10BAE00000000080000000000000000000000000D6
:10BAF00001000000E3000000E2000000FC00000084
:10BB000078000000000000000000000000000000BD
:10BB10000000000000000000000000000000000025
:10BB20000000000000000000000000000000008095
:10BB30000000008000000080000000800000008005
:10BB400000000080000000800000008000000080F5
:10BB500000000080000000800000008000000080E5
:10BB60000000008000000000000000000000000055
:10BB700000000000C0000001E0000001E000000043
:10BB8000C0000000000000000000000000000000F5
:10BB900000000000000000000000000000000000A5
:10BBA0000000000000000000000000000000000095
:10BBB0000C00000038000000E00000038000000ED0
:10BBC00000000038000000E00000038000000E00CC
:10BBD000000038000000E00000038000000E0000BC
:10BBE000001800000000000000000000000000003D
:10BBF00000000FF800007FFF0000F00780018000C8
:10BC0000C0030000600200002002000020020000CB
:10BC10002003000060018000C000E00380007FFF7F
:10BC200000000FF80000000000000000000000000D
:10BC30000000000000008000200080002000800044
:10BC4000200080006001FFFFE003FFFFE000000034
:10BC50006000000020000000200000002000000024
:10BC600000000000000000000000000000000000D4
:10BC700000007800E000980160010002600200040A
:10BC800060020008600200106002002060020040B4
:10BC900060030080600183006001FE00E0007C071B
:10BCA0008000000000000000000000000000000014
:10BCB0000000F0078001F007C00100004002000012
:10BCC0002002010020020100200201002003038065
:10BCD000200186804001FCC0C000787F8000001EEB
:10BCE000000000000000000000000000000000084C
:10BCF000000000380000004800000188000006082D
:10BD000000000C0810003008100040081001FFFF70
:10BD1000F003FFFFF003FFFFF00000081000000831
:10BD200010000008100000000000000000000000EB
:10BD30000000000780001F864003E100200302008E
:10BD40002003040020030400200304002003040057
:10BD50002003060040030301C00301FF8003007EAF
:10BD600000000000000000000000000000000000D3
:10BD7000000007FC00003FFF000070C380008180CE
:10BD8000C001010060030200200202002002020044
:10BD900020020200200203004001C180C000C0FF59
:10BDA0008000007E00000000000000000000000095
:10BDB0000000F0000003C00000038000000300004A
:10BDC00000030007E003003FE00301C0000306009A
:10BDD000000318000003600000038000000300005F
:10BDE0000000000000000000000000000000001F34
:10BDF0000000783F8000FC60C0018EC040030780D7
:10BE0000200203002002018020020180200201C0E4
:10BE1000200301E040018670C000FC3F8000781FD5
:10BE200000000000000000000000000000003F00D3
:10BE30000000FF81C001C0C1C001006020020020DD
:10BE4000200200202002002020020020600200408A
:10BE5000C00100C18000C18F00007FFE00001FF004
:10BE600000000000000000000000000000000000D2
:10BE700000000000000000000000000000000000C2
:10BE800000000300C0000781E0000781E00003001C
:10BE9000C0000000000000000000000000000000E2
:10BEA0000000000000000000000000000000000092
:10BEB0000000000000000000000000000000000082
:10BEC0000000060066000600780000000000000088
:10BED0000000000000000000000000000000000062
:10BEE0000000000000000000000000000000000052
:10BEF00000000080000001C0000003600000063068
:10BF000000000C180000180C000030060000600350
:10BF10000000C00180010000400200002004000079
:10BF200010000000000000000000000000000410ED
:10BF300000000410000004100000041000000410B1
:10BF400000000410000004100000041000000410A1
:10BF50000000041000000410000004100000041091
:10BF600000000410000000000000000000000000BD
:10BF70000004000010020000200100004000C00189
:10BF800080006003000030060000180C00000C1850
:10BF90000000063000000360000001C000000080C7
:10BFA0000000000000000000000000000000000091
:10BFB000000078000001F8000002380000020000D4
:10BFC00000040000C0040079E0040081E0040100E6
:10BFD000C004030000020200000306000001FC0090
:10BFE0000000F800000000000000000000000FF852
:10BFF00000003FFE000070078000C000C00101F893
:10C00000400307FC20021E042002300820022030DA
:10C0100020023FFC20013F044001800CC000E031C1
:10C0200080001FC20000000000000000200000008F
:10C0300060000003E000003E200003E020003E20FE
:10C040000003E020000380200007FC2000003FE008
:10C05000000003FE2000003FE0000001E0000000BF
:10C06000200000002000000000000000000200008E
:10C07000200200002003FFFFE003FFFFE0020100B9
:10C080002002010020020100200201002002010024
:10C0900020030300200186806001FCC0C000F87FFF
:10C0A0008000001F0000000000000000000007F8F2
:10C0B00000003FFF000070078000C000C0010000CA
:10C0C00040030000200200002002000020020000C7
:10C0D000200200002001000040018000C003C001D8
:10C0E0008000300600000000000000000002000098
:10C0F000200200002003FFFFE003FFFFE00200003A
:10C1000020020000200200002002000020030000A6
:10C110006001000040018000C000F00780007FFE49
:10C1200000000FF800000000000000000002000006
:10C13000200200002003FFFFE003FFFFE0020100F8
:10C140002002010020020100200201002002010063
:10C150002002038020020FE0200300006003C000E3
:10C16000E00060030000000000000000000200008A
:10C17000200200002003FFFFE003FFFFE0020100B8
:10C180002002010020020100000201000002010063
:10C19000000201000002038000030FE00003000022
:10C1A0000003C0000000600000000000000007F86D
:10C1B00000003FFE000070078001C001C0010000C8
:10C1C00040030000200200002002000020020000C6
:10C1D00020010020200100204003C03F8000303FAC
:10C1E000800000200000002000020000200200006B
:10C1F0002003FFFFE003FFFFE00200802002008039
:10C20000200000800000008000000080000200800C
:10C21000200200802003FFFFE003FFFFE002000098
:10C2200020020000200000000000000000000000CC
:10C2300000000000000200002002000020020000B8
:10C24000200200002003FFFFE003FFFFE0020000E8
:10C250002002000020020000200200002000000058
:10C2600000000000000000000000000000000000CE
:10C270000E0000000F0000000F000000010200008F
:10C280000102000001020000030200000603FFFF9C
:10C29000FC03FFFFF80200000002000000020000A3
:10C2A000000200000000000000000000000200008A
:10C2B000200200002003FFFFE003FFFFE00200C0B8
:10C2C000200201002000078000000FE0000030F88D
:10C2D0000002603E2003800F20030003E002000004
:10C2E000E00200002000000020000000000200002A
:10C2F000200200002003FFFFE003FFFFE002000038
:10C3000020020000200000002000000020000000AB
:10C31000200000002000000020000000600000005D
:10C32000E000000300000000000200002002000006
:10C330002003FFFFE003E0002003FF0020001FF0C8
:10C34000000001FF8000000FE000001E000003E07D
:10C3500000003E002003E0002003FFFFE003FFFF9A
:10C36000E002000020020000200200002002000085
:10C370002003FFFFE00380002003F0002000FC000A
:10C3800000001F00000007C0000001F00000007C5A
:10C390000002001F80020007E003FFFFE002000030
:10C3A00000020000000000000000000000000FF884
:10C3B00000003FFE0000F00780018000C001000087
:10C3C00040020000200200002002000020020000C5
:10C3D0002001000040018000C000F00380003FFE0B
:10C3E00000000FF800000000000000000002000044
:10C3F000200200002003FFFFE003FFFFE0020080B7
:10C4000020020080200200800002008000020080E4
:10C410000002008000030180000183000000FE0094
:10C4200000007C00000000000000000000000FF889
:10C4300000007FFF0000F00380018001C0010006C2
:10C440004002000420020004200200062002000333
:10C45000E0010000F80180005C00E0038C003FFF79
:10C460000C000FFC1800000000000000000200009B
:10C47000200200002003FFFFE003FFFFE0020100B5
:10C480002002010020020180000201E0000201FC04
:10C490000003033F80018607E001FC00E000F80094
:10C4A000200000002000000000000000000000004C
:10C4B000000078060000FE01E0018600C0030300D2
:10C4C000400203002002018020020180200201C0FE
:10C4D000200200C0200100E060018070C003E03F46
:10C4E0008000001F0000000000000000000060004D
:10C4F00000038000000300000002000000020000B2
:10C50000200200002003FFFFE003FFFFE002000025
:10C510002002000020020000000200000003800052
:10C520000000E00000000000000200000002000027
:10C530000003FFFF0003FFFFC002000040020000F5
:10C54000600000002000000020000000200000002B
:10C5500020020000400200008003FFFF00020000F4
:10C5600000020000000000000000000000020000C7
:10C57000000200000003C0000003FC0000023FC0F6
:10C58000000003F80000007F80000007E0000007C3
:10C5900080000078000203C000023C000003C000DD
:10C5A0000002000000020000000200000003C000C2
:10C5B0000003FF8000023FFE0002007FE000000F4A
:10C5C000000200F00003EF000003FF8000020FFEF6
:10C5D0000000003FE000001F000207E00003F80039
:10C5E0000003000000020000000000000002000044
:10C5F0002002000020038000E003F0032002FC0C76
:10C6000020021F30000007C0000007F00002187C65
:10C610000002601F20038003E0020000E00200002F
:10C6200020000000200000000000000000020000C8
:10C63000000300000003C0000003F80000023E00F9
:10C6400020020FC0200001FFE000007FE000038017
:10C6500020021C0020027000000380000002000085
:10C6600000020000000000000000000000000000C8
:10C6700020006000E0038003E003000FA002003E02
:10C68000200200F8200203E020020F8020023E007A
:10C69000200278002003E00060038000E002000335
:10C6A000000000000000000000000000000000008A
:10C6B000000000000000000000000000000000007A
:10C6C000001FFFFFFC100000041000000410000019
:10C6D000041000000410000004100000041000000A
:10C6E0000400000000000000000000000000000046
:10C6F00000000000000700000003C00000007800F8
:10C7000000001E00000003C0000000F00000001E3A
:10C710000000000780000000F00000003C00000066
:10C720000600000000000000000000000000000003
:10C7300000100000041000000410000004100000AD
:10C74000041000000410000004100000041FFFFF8C
:10C75000FC000000000000000000000000000000DD
:10C7600000000000000000000000000000000000C9
:10C7700000000000000000000002000000040000B3
:10C780000008000000180000001000000018000061
:10C79000001800000004000000020000000000007B
:10C7A0000000000000000000000000000100000088
:10C7B0000100000001000000010000000100000075
:10C7C0000100000001000000010000000100000065
:10C7D0000100000001000000010000000100000055
:10C7E0000100000001000000010000000000000046
:10C7F0000000000000100000001000000010000009
:10C800000018000000080000000400000000000004
:10C810000000000000000000000000000000000018
:10C820000000000000000000000000000000000305
:10C830008000018FC000038C6000061820000410E7
:10C8400020000410200004202000042040000620C6
:10C85000400003FFC00001FFE000000020000000D6
:10C8600020000000C00000000000000000020000E6
:10C87000000200000003FFFFE007FFFFC00001808F
:10C88000C00002006000020020000400200004003C
:10C89000200004002000060040000300C00001FF4B
:10C8A000800000FE0000000000000000000000000A
:10C8B0000000007E000001FF80000381C000020034
:10C8C00040000600200004002000040020000400B6
:10C8D00020000600200003C0400001C080000003CB
:10C8E0000000000000000000000000000000000048
:10C8F0000000007E000001FF80000380C0000600F1
:10C900006000040020000400200004002002040055
:10C91000400202008003FFFFE007FFFFC0000000AD
:10C920004000000040000000000000000000000087
:10C930000000007E000001FF80000311C000021013
:10C9400040000410600004102000041020000410B7
:10C950002000061020000310400001F0C00000710C
:10C9600000000000000000000000000000000000C7
:10C970000000040000000400200004002000040067
:10C9800020007FFFE001FFFFE0010400200304001E
:10C990002002040020020400200204000002000023
:10C9A0000001C0000001C000000000000000000005
:10C9B000000000001C0000E33E0003FFC200020C68
:10C9C000C3000404C1000404C1000404C100040441
:10C9D000C100060CC10003F8C30005F062000600A8
:10C9E0007E0006003C000000000000000002000085
:10C9F000200200002003FFFFE007FFFFE00001002E
:10CA000020000200200006000000040000000400D6
:10CA10000000040020000600200003FFE00001FFEA
:10CA2000E0000000200000002000000000000000E6
:10CA300000000000000004002000040020000400AA
:10CA400020000400200387FFE0038FFFE003800045
:10CA50002000000020000000200000002000000056
:10CA600000000000000000000000000000000000C6
:10CA700000000000000000000600000007000000A9
:10CA80000100000001000400010004000100040096
:10CA900003000400060387FFFC038FFFF8038000F8
:10CAA0000000000000000000000000000002000084
:10CAB000200200002003FFFFE007FFFFE000000866
:10CAC0002000001020000030000000FC0000058E57
:10CAD00000000707A0000601E0000400E0000400D9
:10CAE0002000000020000000000000000000000006
:10CAF00000000000000200002002000020020000F0
:10CB0000200200002003FFFFE007FFFFE00000001D
:10CB10002000000020000000200000002000000095
:10CB20000000000000000000000000000000040001
:10CB3000200007FFE0000FFFE000020020000400DB
:10CB400000000400200007FFE00003FFE0000200F7
:10CB50002000040000000400200007FFE00003FFA5
:10CB6000E0000000200000000000000000000400C1
:10CB700020000400200007FFE0000FFFE00001009C
:10CB80002000020020000200000004000000040059
:10CB90000000040020000600200003FFE00001FF69
:10CBA000E000000020000000200000000000000065
:10CBB0000000007E000000FF80000381C000020032
:10CBC00040000600200004002000040020000400B3
:10CBD000200006002000020040000381C00001FF89
:10CBE0008000007E00000000000000000000040043
:10CBF00001000400010007FFFF000FFFFF0001001C
:10CC0000C1000200410004002000040020000400D4
:10CC1000200004002000060040000301C00001FFC6
:10CC20008000007E00000000000000000000000006
:10CC30000000007E000001FF80000380C0000200B1
:10CC40006000040020000400200004002000040014
:10CC50002000020041000300C10003FFFF0007FFA6
:10CC6000FF000000010000000100000000000400BF
:10CC700020000400200004002000040020000FFF1A
:10CC8000E0000FFFE00000C02000010020000200D3
:10CC9000200006002000040000000400000007003F
:10CCA0000000030000000000000000000000000081
:10CCB00000000003E00001C0E00003E04000063097
:10CCC000200004302000041820000418200004185C
:10CCD0002000040C2000020C60000307C000078342
:10CCE00080000000000000000000000000000000C4
:10CCF00000000400000004000000040000000C001C
:10CD000000001FFF8000FFFFC0000400600004005F
:10CD10002000040020000400200004004000000166
:10CD2000800000000000000000000000000004007F
:10CD300000000400000007FF80000FFFC00000009B
:10CD40006000000020000000200000002000000023
:10CD50002000040040000400800007FFE0000FFFF7
:10CD6000C00000004000000040000000000004007F
:10CD70000000040000000780000007F0000004FE2F
:10CD80000000041FC0000003E00000038000001C3E
:10CD9000000004600000078000000600000004009E
:10CDA0000000000000000000000004000000060079
:10CDB000000007C0000007FC0000043F80000003E3
:10CDC000E000040F800006F0000007F0000007FFFD
:10CDD0008000040FE00000038000043C000007C056
:10CDE0000000060000000400000000000000000039
:10CDF000200004002000040060000700E00007831A
:10CE0000200007E6000004F80000003C0000045E7B
:10CE100020000587A0000601E00004006000040077
:10CE200020000000200000000000000000000400BE
:10CE30000000040003000700030007E0010004F8FD
:10CE40000100041F02000007FC000000E0000007D2
:10CE500000000438000007C00000060000000400C5
:10CE600000000400000000000000000000000000BE
:10CE70000000078060000600E0000403E0000407F3
:10CE8000A000040E2000043C20000470200005E0F7
:10CE9000200007802000070060000400E00000037D
:10CEA0008000000000000000000000000000000002
:10CEB0000000000000000000000000000000000072
:10CEC0000000000000000080000000800000014021
:10CED0000007FE3FF80800000410000002100000E8
:10CEE0000200000000000000000000000000000040
:10CEF0000000000000000000000000000000000032
:10CF0000000000000000000000FFFFFFFF00000025
:10CF10000000000000000000000000000000000011
:10CF20000000000000000000000000000000000001
:10CF30000010000002100000020800000407FE3F7D
:10CF4000F8000140000000800000008000000000A8
:10CF500000000000000000000000000000000000D1
:10CF600000000000000000000000000000180000A9
:10CF700000300000004000000040000000400000C1
:10CF80000020000000300000000800000004000045
:10CF9000000200000002000000020000000C00007F
:10CFA0000018000000000000003031323334353604
:10CFB00037383941424344454640305800303132D9
:10CFC00033343536373839616263646566403078AA
:10CFD0000004000008000000000000000200010042
:10CFE0000010000002400000000000A0000000004F
:10CFF00005400000000000C8000000000C400000D8
:10D000000000409C00000000194000000020BCBE51
:10D010000000000034400000BFC91B8E0000000467
:10D02000B5400000504BCFD06607E2CF01000000B2
:10D030006C4100003E8251AADFEEA73401000000DF
:10D04000D9420000DCB5A0E23A301F97FFFFFFFF96
:10D05000B4450000FD25A0C8E9A3C14FFFFFFFFFB5
:10D06000FF3F00000000008000000000FF3F0000C4
:10D0700000000080000000003F00000064656300C5
:10D080006964000072756E74696D650068656C7026
:10D09000000000006C69737400000000686578008F
:10D0A00075696E7431365F74206E6F72666C617371
:10D0B000685F726561645F696428766F69642900DE
:10D0C000766F6964206E6F72666C6173685F6572FB
:10D0D0006173655F6368697028766F696429000011
:10D0E000766F69642077726974655F616464722821
:10D0F00075696E7433325F7420616464722C2075BC
:10D10000696E7433325F742076616C290000000010
:10D1100075696E7433325F7420726561645F616437
:10D1200064722875696E7433325F7420616464724E
:10D1300029000000766F6964206E6F72666C6173FF
:10D14000685F65726173655F736563746F7228757C
:10D15000696E7433325F7420616464722900000068
:10D16000766F6964206C63645F646973706C617965
:10D170005F6469722875696E74385F7420646972BF
:10D1800029000000766F6964206C63645F647261DB
:10D19000775F72656374616E676C652875696E741C
:10D1A00031365F742078312C2075696E7431365FAA
:10D1B000742079312C2075696E7431365F74207853
:10D1C000322C2075696E7431365F742079322C20D0
:10D1D00075696E7431365F7420636F6C6F722900ED
:10D1E000766F6964206C63645F647261775F6C69F9
:10D1F0006E652875696E7431365F742078312C2025
:10D2000075696E7431365F742079312C2075696EC2
:10D210007431365F742078322C2075696E74313623
:10D220005F742079322C2075696E7431365F7420FA
:10D23000636F6C6F72290000766F6964206C6364A1
:10D240005F73686F775F786E756D2875696E74317E
:10D25000365F7420782C2075696E7431365F7420C7
:10D26000792C2075696E7433325F74206E756D2C65
:10D270002075696E74385F74206C656E2C2075693A
:10D280006E74385F742073697A652C2075696E74CA
:10D29000385F74206D6F64652C2075696E7431364B
:10D2A0005F7420636F6C6F7229000000766F696491
:10D2B000206C63645F73686F775F6E756D28756946
:10D2C0006E7431365F7420782C2075696E74313637
:10D2D0005F7420792C2075696E7433325F74206E10
:10D2E000756D2C2075696E74385F74206C656E2CBA
:10D2F0002075696E74385F742073697A652C2075A7
:10D30000696E7431365F7420636F6C6F7229000030
:10D31000766F6964206C63645F73686F775F7374A2
:10D3200072696E672875696E7431365F7420782C67
:10D330002075696E7431365F7420792C2075696EA2
:10D340007431365F742077696474682C2075696E57
:10D350007431365F74206865696768742C2075695C
:10D360006E74385F742073697A652C20636861720B
:10D37000202A702C2075696E7431365F7420636FBB
:10D380006C6F722900000000766F6964206C636422
:10D390005F647261775F636972636C652875696E3B
:10D3A0007431365F742078302C2075696E74313694
:10D3B0005F742079302C2075696E74385F74207228
:10D3C0002C2075696E7431365F7420636F6C6F72D8
:10D3D00029000000766F6964206C63645F64726189
:10D3E000775F706F696E742875696E7431365F741B
:10D3F00020782C2075696E7431365F7420792C206A
:10D4000075696E7431365F7420636F6C6F722900BA
:10D41000766F6964206C63645F66696C6C287569FB
:10D420006E7431365F742073782C2075696E743198
:10D43000365F742073792C2075696E7431365F7491
:10D440002065782C2075696E7431365F742065799B
:10D450002C2075696E7431365F7420636F6C6F7247
:10D4600029000000766F6964206C63645F636C65FB
:10D4700061722875696E7431365F7420636F6C6FEA
:10D4800072290000766F69642064656C61795F6D54
:10D49000732875696E7431365F74206E6D73290060
:10D4A000766F69642064656C61795F75732875694E
:10D4B0006E7433325F74206E7573290075696E74F3
:10D4C00031365F74206C63645F726561645F706F96
:10D4D000696E742875696E7431365F7420782C20FB
:10D4E00075696E7431365F742079290048D600085A
:10D4F00000000020D8010000C401000800D7000887
:10D50000D801002070060000200200080000000082
:10D510000000F07FFFFFFFFFFFFFEF7F1C00000018
:10D5200043000000F8FFFFFF0C0000000E000000A9
:10D530000F0000002E00000010010000430000005A
:10D54000F8FFFFFF00404040404040404040414124
:10D5500041414140404040404040404040404040C8
:10D560004040404040050202020202020202020262
:10D57000020202020220202020202020202020025F
:10D5800002020202020290909090909010101010EF
:10D59000101010101010101010101010101010108B
:10D5A000020202020202888888888888080808081F
:10D5B00008080808080808080808080808080808EB
:10D5C0000202020240000000000000000000000013
:10D5D000000000000000000000000000000000004B
:10D5E000000000000000000000000000000000003B
:10D5F000000000000000000000000000000000002B
:10D60000000000000000000000000000000000001A
:10D61000000000000000000000000000000000000A
:10D6200000000000000000000000000000000000FA
:10D6300000000000000000000000000000000000EA
:10D6400000000000000000006153A0C0031524F496
:10D650003210420122F823FFFF2317EF1378D01B6B
:10D66000088C041A94041A80041A9C041A7C041A64
:10D670008404133986140810D114083D991B08E05E
:10D68000101B45451812D41B0859081AA008134D41
:10D69000462B0864101A722819081B97482819305D
:10D6A00013ED47140888D31C086549301910134539
:10D6B0007D1408ACD21408477E1B0838081ADD1008
:10D6C0001A10201A45201AD4081311781B08BC40E0
:10D6D0001A81501A60301B1985601970139D841BC4
:10D6E00008C0081AD5081A341822541420198F14A7
:10D6F0000875871C08258878190C5A12D301D800A0
:040000050800018965
:00000001FF
